product_id,product_title,slot,old_url,host,classification,cloudinary_cloud,extension
00b06a13-d734-4ffd-acd7-26530de80cf5,REAL MADRID 26/27 MBAPPE EMBROIDERY ORIGINAL NECK,image1,https://cdn.imgpile.com/f/K4K3zsE.webp,cdn.imgpile.com,imgpile,,webp
00b06a13-d734-4ffd-acd7-26530de80cf5,REAL MADRID 26/27 MBAPPE EMBROIDERY ORIGINAL NECK,image2,https://cdn.imgpile.com/f/JFNQ6mc.webp,cdn.imgpile.com,imgpile,,webp
00b06a13-d734-4ffd-acd7-26530de80cf5,REAL MADRID 26/27 MBAPPE EMBROIDERY ORIGINAL NECK,image3,https://cdn.imgpile.com/f/xztaBZX.webp,cdn.imgpile.com,imgpile,,webp
01d76073-76f6-439e-a50a-7d7495924011,REAL MADRID RONALDO BYCYCLE 2017/18,image1,https://cdn.imgpile.com/f/cb2yGSr.webp,cdn.imgpile.com,imgpile,,webp
01d76073-76f6-439e-a50a-7d7495924011,REAL MADRID RONALDO BYCYCLE 2017/18,image2,https://cdn.imgpile.com/f/bt3zNWK.webp,cdn.imgpile.com,imgpile,,webp
01d76073-76f6-439e-a50a-7d7495924011,REAL MADRID RONALDO BYCYCLE 2017/18,image3,,,empty,,unknown
02784985-554e-42fb-a807-7939cb86d9a4,BAYERN MUNICH 26/27 FIRST QUALITY SET,image1,https://cdn.imgpile.com/f/dxhgRvc.webp,cdn.imgpile.com,imgpile,,webp
02784985-554e-42fb-a807-7939cb86d9a4,BAYERN MUNICH 26/27 FIRST QUALITY SET,image2,,,empty,,unknown
02784985-554e-42fb-a807-7939cb86d9a4,BAYERN MUNICH 26/27 FIRST QUALITY SET,image3,,,empty,,unknown
0455b30a-c35f-4006-8458-53f96eba56dc,BARCA CACTUS JACK SIGNATURE FIVE SLEEVE EMBRODARY,image1,https://cdn.imgpile.com/f/l9sD46S.webp,cdn.imgpile.com,imgpile,,webp
0455b30a-c35f-4006-8458-53f96eba56dc,BARCA CACTUS JACK SIGNATURE FIVE SLEEVE EMBRODARY,image2,https://cdn.imgpile.com/f/6fQULX4.webp,cdn.imgpile.com,imgpile,,webp
0455b30a-c35f-4006-8458-53f96eba56dc,BARCA CACTUS JACK SIGNATURE FIVE SLEEVE EMBRODARY,image3,https://cdn.imgpile.com/f/dEBrTvp.webp,cdn.imgpile.com,imgpile,,webp
068a40b3-841f-48ca-b3c9-7928ff1973b2,MAN UNITED 26/27 THIRD KIT PLAYER VERSION,image1,https://cdn.imgpile.com/f/pRBmnZO.webp,cdn.imgpile.com,imgpile,,webp
068a40b3-841f-48ca-b3c9-7928ff1973b2,MAN UNITED 26/27 THIRD KIT PLAYER VERSION,image2,,,empty,,unknown
068a40b3-841f-48ca-b3c9-7928ff1973b2,MAN UNITED 26/27 THIRD KIT PLAYER VERSION,image3,,,empty,,unknown
06ebf2e6-9d2d-460c-9ada-d6a2c6a6074d,SPAIN AWAY PEDRI 2 STAR WORLDCUP WINNER,image1,https://cdn.imgpile.com/f/22WNWjS.webp,cdn.imgpile.com,imgpile,,webp
06ebf2e6-9d2d-460c-9ada-d6a2c6a6074d,SPAIN AWAY PEDRI 2 STAR WORLDCUP WINNER,image2,https://cdn.imgpile.com/f/z7CiQWi.webp,cdn.imgpile.com,imgpile,,webp
06ebf2e6-9d2d-460c-9ada-d6a2c6a6074d,SPAIN AWAY PEDRI 2 STAR WORLDCUP WINNER,image3,,,empty,,unknown
08fb773e-236a-4ea3-8e32-918d36b4d467,DORTMUND 26/27 HOME PLAYER VERSION,image1,https://cdn.imgpile.com/f/5Wxd1kD.webp,cdn.imgpile.com,imgpile,,webp
08fb773e-236a-4ea3-8e32-918d36b4d467,DORTMUND 26/27 HOME PLAYER VERSION,image2,,,empty,,unknown
08fb773e-236a-4ea3-8e32-918d36b4d467,DORTMUND 26/27 HOME PLAYER VERSION,image3,,,empty,,unknown
09e65de4-c0f4-40b3-ac45-202a15f962a8,CHELSEA 26/27 HOME PALMER,image1,https://cdn.imgpile.com/f/fhUsxnN.webp,cdn.imgpile.com,imgpile,,webp
09e65de4-c0f4-40b3-ac45-202a15f962a8,CHELSEA 26/27 HOME PALMER,image2,https://cdn.imgpile.com/f/vAj1Bz0.webp,cdn.imgpile.com,imgpile,,webp
09e65de4-c0f4-40b3-ac45-202a15f962a8,CHELSEA 26/27 HOME PALMER,image3,,,empty,,unknown
0a79af02-6224-4e44-8e60-fc23697fa663,BARCA 26/27 AWAY FIRST QUALITY SET,image1,https://cdn.imgpile.com/f/UrOPF7v.webp,cdn.imgpile.com,imgpile,,webp
0a79af02-6224-4e44-8e60-fc23697fa663,BARCA 26/27 AWAY FIRST QUALITY SET,image2,,,empty,,unknown
0a79af02-6224-4e44-8e60-fc23697fa663,BARCA 26/27 AWAY FIRST QUALITY SET,image3,,,empty,,unknown
0ddca43b-77ce-427d-825f-9e0845fbb36f,JUVENTUS 26/26 HOME FIRST QUALITY SET,image1,https://cdn.imgpile.com/f/nT5lW5B.webp,cdn.imgpile.com,imgpile,,webp
0ddca43b-77ce-427d-825f-9e0845fbb36f,JUVENTUS 26/26 HOME FIRST QUALITY SET,image2,,,empty,,unknown
0ddca43b-77ce-427d-825f-9e0845fbb36f,JUVENTUS 26/26 HOME FIRST QUALITY SET,image3,,,empty,,unknown
0fc0d079-a467-41bd-ae1d-35fbf17c4592,JUVENTUS 26/27 HOME KENAN YELDIZ EMBRODARY POLO,image1,https://cdn.imgpile.com/f/TKu863k.webp,cdn.imgpile.com,imgpile,,webp
0fc0d079-a467-41bd-ae1d-35fbf17c4592,JUVENTUS 26/27 HOME KENAN YELDIZ EMBRODARY POLO,image2,https://cdn.imgpile.com/f/HSuLnE4.webp,cdn.imgpile.com,imgpile,,webp
0fc0d079-a467-41bd-ae1d-35fbf17c4592,JUVENTUS 26/27 HOME KENAN YELDIZ EMBRODARY POLO,image3,https://cdn.imgpile.com/f/J6GOYok.webp,cdn.imgpile.com,imgpile,,webp
12d92dc2-63a1-4167-9251-45c108f8392f,ASTON VILLA HOME 26/27 PLAYER VERSION,image1,https://cdn.imgpile.com/f/pYHQ4Mc.webp,cdn.imgpile.com,imgpile,,webp
12d92dc2-63a1-4167-9251-45c108f8392f,ASTON VILLA HOME 26/27 PLAYER VERSION,image2,,,empty,,unknown
12d92dc2-63a1-4167-9251-45c108f8392f,ASTON VILLA HOME 26/27 PLAYER VERSION,image3,,,empty,,unknown
1348d76a-36c1-4f3e-9d1d-f56db48beb56,BARCA 26/27 THIRD KIT PLAYER VERSION,image1,https://cdn.imgpile.com/f/7cbuElV.webp,cdn.imgpile.com,imgpile,,webp
1348d76a-36c1-4f3e-9d1d-f56db48beb56,BARCA 26/27 THIRD KIT PLAYER VERSION,image2,,,empty,,unknown
1348d76a-36c1-4f3e-9d1d-f56db48beb56,BARCA 26/27 THIRD KIT PLAYER VERSION,image3,,,empty,,unknown
14597614-e30f-4120-b406-e06cf540c769,REAL MADRID RONALDO RETRO ,image1,https://cdn.imgpile.com/f/y70N7ak.webp,cdn.imgpile.com,imgpile,,webp
14597614-e30f-4120-b406-e06cf540c769,REAL MADRID RONALDO RETRO ,image2,https://cdn.imgpile.com/f/6YUyQvn.webp,cdn.imgpile.com,imgpile,,webp
14597614-e30f-4120-b406-e06cf540c769,REAL MADRID RONALDO RETRO ,image3,,,empty,,unknown
14a8fa1e-c390-4694-9432-3321b64234bd,BARCA AWAY 26/27 CUBARSÍ ,image1,https://cdn.imgpile.com/f/74oi0rF.webp,cdn.imgpile.com,imgpile,,webp
14a8fa1e-c390-4694-9432-3321b64234bd,BARCA AWAY 26/27 CUBARSÍ ,image2,https://cdn.imgpile.com/f/8r1sUmu.webp,cdn.imgpile.com,imgpile,,webp
14a8fa1e-c390-4694-9432-3321b64234bd,BARCA AWAY 26/27 CUBARSÍ ,image3,https://cdn.imgpile.com/f/T648fHc.webp,cdn.imgpile.com,imgpile,,webp
18771a90-10bc-4c07-8f90-c3d61ebd4621,BARCA 25/26 IMPORTED FIRST'QUALITY SET,image1,https://cdn.imgpile.com/f/1pCog5V.webp,cdn.imgpile.com,imgpile,,webp
18771a90-10bc-4c07-8f90-c3d61ebd4621,BARCA 25/26 IMPORTED FIRST'QUALITY SET,image2,,,empty,,unknown
18771a90-10bc-4c07-8f90-c3d61ebd4621,BARCA 25/26 IMPORTED FIRST'QUALITY SET,image3,,,empty,,unknown
1a966b8c-ff8f-4c88-a5a2-65a852377890,REAL MADRID HOME 26/27 PLAYER VERSION,image1,https://cdn.imgpile.com/f/JaZzspF.webp,cdn.imgpile.com,imgpile,,webp
1a966b8c-ff8f-4c88-a5a2-65a852377890,REAL MADRID HOME 26/27 PLAYER VERSION,image2,,,empty,,unknown
1a966b8c-ff8f-4c88-a5a2-65a852377890,REAL MADRID HOME 26/27 PLAYER VERSION,image3,,,empty,,unknown
1d8cb3b9-3b57-4601-8261-71b9124296ec,MAN CITY 26/27 HOME FIRST QUALITY SET,image1,https://cdn.imgpile.com/f/nT5lW5B.webp,cdn.imgpile.com,imgpile,,webp
1d8cb3b9-3b57-4601-8261-71b9124296ec,MAN CITY 26/27 HOME FIRST QUALITY SET,image2,,,empty,,unknown
1d8cb3b9-3b57-4601-8261-71b9124296ec,MAN CITY 26/27 HOME FIRST QUALITY SET,image3,,,empty,,unknown
23425c79-3f23-4b99-a06b-36c51b6ae056,MAN CITY THIRD 26/27 PLAYER VERSION,image1,https://cdn.imgpile.com/f/lQEKyGu.webp,cdn.imgpile.com,imgpile,,webp
23425c79-3f23-4b99-a06b-36c51b6ae056,MAN CITY THIRD 26/27 PLAYER VERSION,image2,,,empty,,unknown
23425c79-3f23-4b99-a06b-36c51b6ae056,MAN CITY THIRD 26/27 PLAYER VERSION,image3,,,empty,,unknown
23b27f08-3c3b-4aca-b745-0c1bfbd5e69c,PSG 26/27 HOME FIRST QUALITY SET,image1,https://cdn.imgpile.com/f/gYvQ4q3.webp,cdn.imgpile.com,imgpile,,webp
23b27f08-3c3b-4aca-b745-0c1bfbd5e69c,PSG 26/27 HOME FIRST QUALITY SET,image2,,,empty,,unknown
23b27f08-3c3b-4aca-b745-0c1bfbd5e69c,PSG 26/27 HOME FIRST QUALITY SET,image3,,,empty,,unknown
23d5242a-6cfe-4c7c-963d-afb6acf5a522,REAL MADRID 26/27 THIRD KIT PINK MASTER QUALITY,image1,https://cdn.imgpile.com/f/ZaqO5fJ.webp,cdn.imgpile.com,imgpile,,webp
23d5242a-6cfe-4c7c-963d-afb6acf5a522,REAL MADRID 26/27 THIRD KIT PINK MASTER QUALITY,image2,,,empty,,unknown
23d5242a-6cfe-4c7c-963d-afb6acf5a522,REAL MADRID 26/27 THIRD KIT PINK MASTER QUALITY,image3,,,empty,,unknown
24232e27-df6a-4697-bb3b-dc7acb067898,PORTUGAL BLACK PANTHER EDITION MASTER QUALITY,image1,https://cdn.imgpile.com/f/nYIvMFt.webp,cdn.imgpile.com,imgpile,,webp
24232e27-df6a-4697-bb3b-dc7acb067898,PORTUGAL BLACK PANTHER EDITION MASTER QUALITY,image2,,,empty,,unknown
24232e27-df6a-4697-bb3b-dc7acb067898,PORTUGAL BLACK PANTHER EDITION MASTER QUALITY,image3,,,empty,,unknown
27056483-f37e-4899-813d-f71839e0a128,MAN CITY HOME 26/27 PLAYER VERSION,image1,https://cdn.imgpile.com/f/lNMqM3P.webp,cdn.imgpile.com,imgpile,,webp
27056483-f37e-4899-813d-f71839e0a128,MAN CITY HOME 26/27 PLAYER VERSION,image2,,,empty,,unknown
27056483-f37e-4899-813d-f71839e0a128,MAN CITY HOME 26/27 PLAYER VERSION,image3,,,empty,,unknown
28f11e6c-b22e-4773-b41b-6cd2e8744bc8,BARCA 26/27 HOME YAMAL,image1,https://cdn.imgpile.com/f/adl3GKp.webp,cdn.imgpile.com,imgpile,,webp
28f11e6c-b22e-4773-b41b-6cd2e8744bc8,BARCA 26/27 HOME YAMAL,image2,https://cdn.imgpile.com/f/OLlsU5U.webp,cdn.imgpile.com,imgpile,,webp
28f11e6c-b22e-4773-b41b-6cd2e8744bc8,BARCA 26/27 HOME YAMAL,image3,,,empty,,unknown
29ce99f8-2169-4948-bdf9-69436d240c4a,HENRY FRANCE FIVE SLEEVE,image1,https://cdn.imgpile.com/f/NXXXYqY.webp,cdn.imgpile.com,imgpile,,webp
29ce99f8-2169-4948-bdf9-69436d240c4a,HENRY FRANCE FIVE SLEEVE,image2,https://cdn.imgpile.com/f/WX5FA9M.webp,cdn.imgpile.com,imgpile,,webp
29ce99f8-2169-4948-bdf9-69436d240c4a,HENRY FRANCE FIVE SLEEVE,image3,,,empty,,unknown
2acb627b-73a3-4d4b-bb1f-d67eb319edb6,CHELSEA 26/27 AWAY FIRST QUALITY SET,image1,https://cdn.imgpile.com/f/Gtm2IZX.webp,cdn.imgpile.com,imgpile,,webp
2acb627b-73a3-4d4b-bb1f-d67eb319edb6,CHELSEA 26/27 AWAY FIRST QUALITY SET,image2,,,empty,,unknown
2acb627b-73a3-4d4b-bb1f-d67eb319edb6,CHELSEA 26/27 AWAY FIRST QUALITY SET,image3,,,empty,,unknown
2fe94a36-b53a-4c8c-90a4-5f5aa7edf5ec,BAYERN MUNICH 26/27 AWAY PLAYER VERSION,image1,https://cdn.imgpile.com/f/dPXgGiu.webp,cdn.imgpile.com,imgpile,,webp
2fe94a36-b53a-4c8c-90a4-5f5aa7edf5ec,BAYERN MUNICH 26/27 AWAY PLAYER VERSION,image2,,,empty,,unknown
2fe94a36-b53a-4c8c-90a4-5f5aa7edf5ec,BAYERN MUNICH 26/27 AWAY PLAYER VERSION,image3,,,empty,,unknown
3078cda9-31e7-4c3d-aeb2-9cd4316caa67,BARCA 26/27 AWAY FIRST QUALITY SET,image1,https://cdn.imgpile.com/f/nT5lW5B.webp,cdn.imgpile.com,imgpile,,webp
3078cda9-31e7-4c3d-aeb2-9cd4316caa67,BARCA 26/27 AWAY FIRST QUALITY SET,image2,,,empty,,unknown
3078cda9-31e7-4c3d-aeb2-9cd4316caa67,BARCA 26/27 AWAY FIRST QUALITY SET,image3,,,empty,,unknown
310c3ebd-f104-43b5-a300-13e0bc374bfc,ARSENAL 26/27 AWAY SAKA,image1,https://cdn.imgpile.com/f/cEF4ACE.webp,cdn.imgpile.com,imgpile,,webp
310c3ebd-f104-43b5-a300-13e0bc374bfc,ARSENAL 26/27 AWAY SAKA,image2,https://cdn.imgpile.com/f/Kl2R5uH.webp,cdn.imgpile.com,imgpile,,webp
310c3ebd-f104-43b5-a300-13e0bc374bfc,ARSENAL 26/27 AWAY SAKA,image3,,,empty,,unknown
317eb7e9-48e2-40f8-8e84-2f4fceb0abf8,LIVERPOOL 26/27 HOME FIRST QUALITY SET,image1,https://cdn.imgpile.com/f/1gLZeXL.webp,cdn.imgpile.com,imgpile,,webp
317eb7e9-48e2-40f8-8e84-2f4fceb0abf8,LIVERPOOL 26/27 HOME FIRST QUALITY SET,image2,,,empty,,unknown
317eb7e9-48e2-40f8-8e84-2f4fceb0abf8,LIVERPOOL 26/27 HOME FIRST QUALITY SET,image3,,,empty,,unknown
31eb2ed4-65e9-47d7-8efd-97c9c54626b1,BARCA SPECIAL EDITION FIRST QUALITY SET,image1,https://cdn.imgpile.com/f/ef4TAEO.webp,cdn.imgpile.com,imgpile,,webp
31eb2ed4-65e9-47d7-8efd-97c9c54626b1,BARCA SPECIAL EDITION FIRST QUALITY SET,image2,,,empty,,unknown
31eb2ed4-65e9-47d7-8efd-97c9c54626b1,BARCA SPECIAL EDITION FIRST QUALITY SET,image3,,,empty,,unknown
32b0e7f2-2013-4ede-a55a-3618a51996b1,TOTTENHAM 26/27 HOME PLAYER VERSION,image1,https://cdn.imgpile.com/f/pryn4zG.webp,cdn.imgpile.com,imgpile,,webp
32b0e7f2-2013-4ede-a55a-3618a51996b1,TOTTENHAM 26/27 HOME PLAYER VERSION,image2,,,empty,,unknown
32b0e7f2-2013-4ede-a55a-3618a51996b1,TOTTENHAM 26/27 HOME PLAYER VERSION,image3,,,empty,,unknown
3346e574-3dd9-48fa-8d3d-f0eb6ac200a8,REAL MADRID 26/27 AWAY ART 1 LOUIS VVIUTTON PLAYER VERSION ,image1,https://cdn.imgpile.com/f/p4ctGuJ.webp,cdn.imgpile.com,imgpile,,webp
3346e574-3dd9-48fa-8d3d-f0eb6ac200a8,REAL MADRID 26/27 AWAY ART 1 LOUIS VVIUTTON PLAYER VERSION ,image2,,,empty,,unknown
3346e574-3dd9-48fa-8d3d-f0eb6ac200a8,REAL MADRID 26/27 AWAY ART 1 LOUIS VVIUTTON PLAYER VERSION ,image3,,,empty,,unknown
3614a7ce-a030-4a6c-a63f-168f20947fc1,BARCA 26/27 HOME FIRST QUALITY SET,image1,https://cdn.imgpile.com/f/KWh6mBe.webp,cdn.imgpile.com,imgpile,,webp
3614a7ce-a030-4a6c-a63f-168f20947fc1,BARCA 26/27 HOME FIRST QUALITY SET,image2,,,empty,,unknown
3614a7ce-a030-4a6c-a63f-168f20947fc1,BARCA 26/27 HOME FIRST QUALITY SET,image3,,,empty,,unknown
362de09a-6ac2-43ab-83a8-bf8df029a95e,BRAZIL RONALDINH RETRO,image1,https://cdn.imgpile.com/f/SHHo5As.webp,cdn.imgpile.com,imgpile,,webp
362de09a-6ac2-43ab-83a8-bf8df029a95e,BRAZIL RONALDINH RETRO,image2,https://cdn.imgpile.com/f/438fRja.webp,cdn.imgpile.com,imgpile,,webp
362de09a-6ac2-43ab-83a8-bf8df029a95e,BRAZIL RONALDINH RETRO,image3,,,empty,,unknown
374d0d99-bcba-4672-a377-d6f5846b1838,XAVI TOTTENHAM AWAY 26/27,image1,https://cdn.imgpile.com/f/tAeSkUo.webp,cdn.imgpile.com,imgpile,,webp
374d0d99-bcba-4672-a377-d6f5846b1838,XAVI TOTTENHAM AWAY 26/27,image2,https://cdn.imgpile.com/f/FnKa9x0.webp,cdn.imgpile.com,imgpile,,webp
374d0d99-bcba-4672-a377-d6f5846b1838,XAVI TOTTENHAM AWAY 26/27,image3,,,empty,,unknown
37649ba1-dbc5-480a-b445-9c1868878a10,SPAIN HOME FIRST QUALITY SET,image1,https://cdn.imgpile.com/f/Cox8fuW.webp,cdn.imgpile.com,imgpile,,webp
37649ba1-dbc5-480a-b445-9c1868878a10,SPAIN HOME FIRST QUALITY SET,image2,,,empty,,unknown
37649ba1-dbc5-480a-b445-9c1868878a10,SPAIN HOME FIRST QUALITY SET,image3,,,empty,,unknown
37e297b3-2374-4493-971f-edf4431b7c08,CHELSEA 26/27 HOME FIRST QUALITY SET,image1,https://cdn.imgpile.com/f/3GPTWBU.webp,cdn.imgpile.com,imgpile,,webp
37e297b3-2374-4493-971f-edf4431b7c08,CHELSEA 26/27 HOME FIRST QUALITY SET,image2,,,empty,,unknown
37e297b3-2374-4493-971f-edf4431b7c08,CHELSEA 26/27 HOME FIRST QUALITY SET,image3,,,empty,,unknown
3938bbda-36b1-4ded-9963-0907dc4f0f91,REAL MADRID 26/27 AWAY MBAPPE EMBROIDERY,image1,https://cdn.imgpile.com/f/ygWFRwL.webp,cdn.imgpile.com,imgpile,,webp
3938bbda-36b1-4ded-9963-0907dc4f0f91,REAL MADRID 26/27 AWAY MBAPPE EMBROIDERY,image2,https://cdn.imgpile.com/f/ZlY3ZMC.webp,cdn.imgpile.com,imgpile,,webp
3938bbda-36b1-4ded-9963-0907dc4f0f91,REAL MADRID 26/27 AWAY MBAPPE EMBROIDERY,image3,https://cdn.imgpile.com/f/WBQMGfT.webp,cdn.imgpile.com,imgpile,,webp
3974809b-92af-4653-ae5c-fcbbb728bda6,PORTUGAL AWAY PLAYER VERSION,image1,https://cdn.imgpile.com/f/nT5lW5B.webp,cdn.imgpile.com,imgpile,,webp
3974809b-92af-4653-ae5c-fcbbb728bda6,PORTUGAL AWAY PLAYER VERSION,image2,,,empty,,unknown
3974809b-92af-4653-ae5c-fcbbb728bda6,PORTUGAL AWAY PLAYER VERSION,image3,,,empty,,unknown
3bbe51c2-8fc2-41b2-9831-9c965d6cf1e0,LIVERPOOL 25/26 HOME FIRST QUALITY SET,image1,https://cdn.imgpile.com/f/rkVPai4.webp,cdn.imgpile.com,imgpile,,webp
3bbe51c2-8fc2-41b2-9831-9c965d6cf1e0,LIVERPOOL 25/26 HOME FIRST QUALITY SET,image2,,,empty,,unknown
3bbe51c2-8fc2-41b2-9831-9c965d6cf1e0,LIVERPOOL 25/26 HOME FIRST QUALITY SET,image3,,,empty,,unknown
3be7078d-d979-4234-96c5-7ec63e7ccb03,CHELSEA AWAY 26/27 ORACLE PLAYER VERSION,image1,https://cdn.imgpile.com/f/t3c56Tp.webp,cdn.imgpile.com,imgpile,,webp
3be7078d-d979-4234-96c5-7ec63e7ccb03,CHELSEA AWAY 26/27 ORACLE PLAYER VERSION,image2,,,empty,,unknown
3be7078d-d979-4234-96c5-7ec63e7ccb03,CHELSEA AWAY 26/27 ORACLE PLAYER VERSION,image3,,,empty,,unknown
3de4041f-ff4b-436d-bd8d-c77d34bee239,PORTUGAL BLACK PANTHER EDITION PLAYER VERSION,image1,https://cdn.imgpile.com/f/nT5lW5B.webp,cdn.imgpile.com,imgpile,,webp
3de4041f-ff4b-436d-bd8d-c77d34bee239,PORTUGAL BLACK PANTHER EDITION PLAYER VERSION,image2,,,empty,,unknown
3de4041f-ff4b-436d-bd8d-c77d34bee239,PORTUGAL BLACK PANTHER EDITION PLAYER VERSION,image3,,,empty,,unknown
3e445b4b-2eb6-48ad-a1d2-c06a77e36de7,AC MILAN 26/27 HOME FIRST QUALITY SET,image1,https://cdn.imgpile.com/f/nT5lW5B.webp,cdn.imgpile.com,imgpile,,webp
3e445b4b-2eb6-48ad-a1d2-c06a77e36de7,AC MILAN 26/27 HOME FIRST QUALITY SET,image2,,,empty,,unknown
3e445b4b-2eb6-48ad-a1d2-c06a77e36de7,AC MILAN 26/27 HOME FIRST QUALITY SET,image3,,,empty,,unknown
40f69578-964b-4809-ab69-9b30e37f8bb8,MAN UNITED HOME 26/27 BRUNO FERNANDEZ POLO,image1,https://cdn.imgpile.com/f/OWSQkpa.webp,cdn.imgpile.com,imgpile,,webp
40f69578-964b-4809-ab69-9b30e37f8bb8,MAN UNITED HOME 26/27 BRUNO FERNANDEZ POLO,image2,https://cdn.imgpile.com/f/WvcJYR3.webp,cdn.imgpile.com,imgpile,,webp
40f69578-964b-4809-ab69-9b30e37f8bb8,MAN UNITED HOME 26/27 BRUNO FERNANDEZ POLO,image3,,,empty,,unknown
41490021-86ef-4653-b7b3-d9df4555f65b,ARSENAL AWAY 26/27 PLAYER VERSION,image1,https://cdn.imgpile.com/f/5DGcC3z.webp,cdn.imgpile.com,imgpile,,webp
41490021-86ef-4653-b7b3-d9df4555f65b,ARSENAL AWAY 26/27 PLAYER VERSION,image2,,,empty,,unknown
41490021-86ef-4653-b7b3-d9df4555f65b,ARSENAL AWAY 26/27 PLAYER VERSION,image3,,,empty,,unknown
41758aa0-0d0d-48a7-ac22-b9d6c87484f8,REAL MADRID AWAY 26/27 VALVERDE,image1,https://cdn.imgpile.com/f/FvgoVTS.webp,cdn.imgpile.com,imgpile,,webp
41758aa0-0d0d-48a7-ac22-b9d6c87484f8,REAL MADRID AWAY 26/27 VALVERDE,image2,https://cdn.imgpile.com/f/D7XDN6N.webp,cdn.imgpile.com,imgpile,,webp
41758aa0-0d0d-48a7-ac22-b9d6c87484f8,REAL MADRID AWAY 26/27 VALVERDE,image3,,,empty,,unknown
464f2c92-df1b-4645-b007-a4223af67656,AC MILAN 26/27 HOME FIRST QUALITY SET,image1,https://cdn.imgpile.com/f/uHJmseS.webp,cdn.imgpile.com,imgpile,,webp
464f2c92-df1b-4645-b007-a4223af67656,AC MILAN 26/27 HOME FIRST QUALITY SET,image2,,,empty,,unknown
464f2c92-df1b-4645-b007-a4223af67656,AC MILAN 26/27 HOME FIRST QUALITY SET,image3,,,empty,,unknown
46cef190-7422-475c-8714-8f2cf7326f8e,ARSENAL 26/27 AWAY FIRST QUALITY SET,image1,https://cdn.imgpile.com/f/EmBTnmx.webp,cdn.imgpile.com,imgpile,,webp
46cef190-7422-475c-8714-8f2cf7326f8e,ARSENAL 26/27 AWAY FIRST QUALITY SET,image2,,,empty,,unknown
46cef190-7422-475c-8714-8f2cf7326f8e,ARSENAL 26/27 AWAY FIRST QUALITY SET,image3,,,empty,,unknown
48282f45-a1f5-4c06-afe0-376c16988d6c,SANTOS NEYMAR RETRO EMBROIDERY,image1,https://cdn.imgpile.com/f/zUVTEMZ.jpg,cdn.imgpile.com,imgpile,,jpg
48282f45-a1f5-4c06-afe0-376c16988d6c,SANTOS NEYMAR RETRO EMBROIDERY,image2,https://cdn.imgpile.com/f/zt2T6AS.jpg,cdn.imgpile.com,imgpile,,jpg
48282f45-a1f5-4c06-afe0-376c16988d6c,SANTOS NEYMAR RETRO EMBROIDERY,image3,https://cdn.imgpile.com/f/THhUqIf.jpg,cdn.imgpile.com,imgpile,,jpg
4ada6ddd-9607-40d5-baf4-2bbb12d79ba3,JAMAICA x AWAY BOB MARLEY 2026 WORLDCUP,image1,https://cdn.imgpile.com/f/sUD0XqA.webp,cdn.imgpile.com,imgpile,,webp
4ada6ddd-9607-40d5-baf4-2bbb12d79ba3,JAMAICA x AWAY BOB MARLEY 2026 WORLDCUP,image2,,,empty,,unknown
4ada6ddd-9607-40d5-baf4-2bbb12d79ba3,JAMAICA x AWAY BOB MARLEY 2026 WORLDCUP,image3,,,empty,,unknown
4c6c16f2-56fb-4a12-97e2-d84c02a20972,REAL MADRID 26/27 MBAPPE EMBROIDERY,image1,https://cdn.imgpile.com/f/JU885Mk.webp,cdn.imgpile.com,imgpile,,webp
4c6c16f2-56fb-4a12-97e2-d84c02a20972,REAL MADRID 26/27 MBAPPE EMBROIDERY,image2,https://cdn.imgpile.com/f/ZGD0jNf.webp,cdn.imgpile.com,imgpile,,webp
4c6c16f2-56fb-4a12-97e2-d84c02a20972,REAL MADRID 26/27 MBAPPE EMBROIDERY,image3,https://cdn.imgpile.com/f/fVpm6xl.webp,cdn.imgpile.com,imgpile,,webp
4c80301f-59b5-477a-b6c9-59b25d93cbf3,REAL MADRID BECKHAM FIVE SLEEVE,image1,https://cdn.imgpile.com/f/NwzYraV.webp,cdn.imgpile.com,imgpile,,webp
4c80301f-59b5-477a-b6c9-59b25d93cbf3,REAL MADRID BECKHAM FIVE SLEEVE,image2,https://cdn.imgpile.com/f/yDP39CH.webp,cdn.imgpile.com,imgpile,,webp
4c80301f-59b5-477a-b6c9-59b25d93cbf3,REAL MADRID BECKHAM FIVE SLEEVE,image3,,,empty,,unknown
4e905d51-7644-45e2-b64f-74f3a05a87cb,MAN UNITED 26/27 AWAY PLAYER VERSION,image1,https://cdn.imgpile.com/f/jIayuMk.webp,cdn.imgpile.com,imgpile,,webp
4e905d51-7644-45e2-b64f-74f3a05a87cb,MAN UNITED 26/27 AWAY PLAYER VERSION,image2,,,empty,,unknown
4e905d51-7644-45e2-b64f-74f3a05a87cb,MAN UNITED 26/27 AWAY PLAYER VERSION,image3,,,empty,,unknown
4eb1ee56-24a4-40bf-949c-47d0ae7330d1,MAN UNITED 2008-9 AWAY ,image1,https://cdn.imgpile.com/f/xRy0421.webp,cdn.imgpile.com,imgpile,,webp
4eb1ee56-24a4-40bf-949c-47d0ae7330d1,MAN UNITED 2008-9 AWAY ,image2,https://cdn.imgpile.com/f/AhbukwK.webp,cdn.imgpile.com,imgpile,,webp
4eb1ee56-24a4-40bf-949c-47d0ae7330d1,MAN UNITED 2008-9 AWAY ,image3,,,empty,,unknown
4fbd195a-bccc-4414-92d2-cff93447f5b2,BARCA 26/27 THIRD PLAYER VERSION,image1,https://cdn.imgpile.com/f/qftn61t.webp,cdn.imgpile.com,imgpile,,webp
4fbd195a-bccc-4414-92d2-cff93447f5b2,BARCA 26/27 THIRD PLAYER VERSION,image2,,,empty,,unknown
4fbd195a-bccc-4414-92d2-cff93447f5b2,BARCA 26/27 THIRD PLAYER VERSION,image3,,,empty,,unknown
509ab3a0-7777-422a-990d-fc0e25f1b02e,INTERMILAN HOME 26/27 PLAYER VERSION,image1,https://cdn.imgpile.com/f/grlg4ws.webp,cdn.imgpile.com,imgpile,,webp
509ab3a0-7777-422a-990d-fc0e25f1b02e,INTERMILAN HOME 26/27 PLAYER VERSION,image2,,,empty,,unknown
509ab3a0-7777-422a-990d-fc0e25f1b02e,INTERMILAN HOME 26/27 PLAYER VERSION,image3,,,empty,,unknown
5329751c-8a45-4005-ab18-dc1e080053e9,MAN UNITED AWAY 26/27 B. FERNANDES,image1,https://cdn.imgpile.com/f/xM1ipCr.webp,cdn.imgpile.com,imgpile,,webp
5329751c-8a45-4005-ab18-dc1e080053e9,MAN UNITED AWAY 26/27 B. FERNANDES,image2,https://cdn.imgpile.com/f/DlGVIcI.jpg,cdn.imgpile.com,imgpile,,jpg
5329751c-8a45-4005-ab18-dc1e080053e9,MAN UNITED AWAY 26/27 B. FERNANDES,image3,,,empty,,unknown
54e24e42-c619-4912-8b54-b42435f2cfed,MAN CITY AWAY 26/27 PLAYER VERSION,image1,https://cdn.imgpile.com/f/uRVeieq.webp,cdn.imgpile.com,imgpile,,webp
54e24e42-c619-4912-8b54-b42435f2cfed,MAN CITY AWAY 26/27 PLAYER VERSION,image2,,,empty,,unknown
54e24e42-c619-4912-8b54-b42435f2cfed,MAN CITY AWAY 26/27 PLAYER VERSION,image3,,,empty,,unknown
5560232e-b5df-4aaa-830a-55b43656bb5b,PORTUGAL BLACK PANTHER EDITION FIRST QUALITY SET,image1,https://cdn.imgpile.com/f/WqxhWkB.webp,cdn.imgpile.com,imgpile,,webp
5560232e-b5df-4aaa-830a-55b43656bb5b,PORTUGAL BLACK PANTHER EDITION FIRST QUALITY SET,image2,,,empty,,unknown
5560232e-b5df-4aaa-830a-55b43656bb5b,PORTUGAL BLACK PANTHER EDITION FIRST QUALITY SET,image3,,,empty,,unknown
5636989a-1f12-4741-bac7-159aee6fd1fd,MAN CITY 26/27 AWAY PLAYER VERSION,image1,https://cdn.imgpile.com/f/uRVeieq.webp,cdn.imgpile.com,imgpile,,webp
5636989a-1f12-4741-bac7-159aee6fd1fd,MAN CITY 26/27 AWAY PLAYER VERSION,image2,,,empty,,unknown
5636989a-1f12-4741-bac7-159aee6fd1fd,MAN CITY 26/27 AWAY PLAYER VERSION,image3,,,empty,,unknown
582aac8b-6a47-4f5d-9499-0ed5c1cb7be7,KAKA AC MILAN RETRO EMBROIDERY,image1,https://cdn.imgpile.com/f/KVCICgB.jpg,cdn.imgpile.com,imgpile,,jpg
582aac8b-6a47-4f5d-9499-0ed5c1cb7be7,KAKA AC MILAN RETRO EMBROIDERY,image2,https://cdn.imgpile.com/f/lPOBgcV.jpg,cdn.imgpile.com,imgpile,,jpg
582aac8b-6a47-4f5d-9499-0ed5c1cb7be7,KAKA AC MILAN RETRO EMBROIDERY,image3,https://cdn.imgpile.com/f/Jy7MFon.jpg,cdn.imgpile.com,imgpile,,jpg
58e8b532-5dbe-4a7a-80cc-995dc93c8b59,REAL MADRID 26/27 AWAY MASTER QUALITY,image1,https://cdn.imgpile.com/f/Pzk0fsu.webp,cdn.imgpile.com,imgpile,,webp
58e8b532-5dbe-4a7a-80cc-995dc93c8b59,REAL MADRID 26/27 AWAY MASTER QUALITY,image2,,,empty,,unknown
58e8b532-5dbe-4a7a-80cc-995dc93c8b59,REAL MADRID 26/27 AWAY MASTER QUALITY,image3,,,empty,,unknown
59575998-aff4-4c9d-86d7-940edc934776,BARCA 26/27 AWAY YAMAL ,image1,https://cdn.imgpile.com/f/T648fHc.webp,cdn.imgpile.com,imgpile,,webp
59575998-aff4-4c9d-86d7-940edc934776,BARCA 26/27 AWAY YAMAL ,image2,https://cdn.imgpile.com/f/iD449lF.webp,cdn.imgpile.com,imgpile,,webp
59575998-aff4-4c9d-86d7-940edc934776,BARCA 26/27 AWAY YAMAL ,image3,,,empty,,unknown
5a072509-a0e7-48cc-8094-17114f7cf429,BARCA MESSI RETRO,image1,https://cdn.imgpile.com/f/XJjSxRZ.webp,cdn.imgpile.com,imgpile,,webp
5a072509-a0e7-48cc-8094-17114f7cf429,BARCA MESSI RETRO,image2,https://cdn.imgpile.com/f/eHsVafV.webp,cdn.imgpile.com,imgpile,,webp
5a072509-a0e7-48cc-8094-17114f7cf429,BARCA MESSI RETRO,image3,,,empty,,unknown
5e41ba09-9bcb-4d97-829b-0152356ede25,MAN CITY 26/27 AWAY HAALAND,image1,https://cdn.imgpile.com/f/FrLzNwq.webp,cdn.imgpile.com,imgpile,,webp
5e41ba09-9bcb-4d97-829b-0152356ede25,MAN CITY 26/27 AWAY HAALAND,image2,https://cdn.imgpile.com/f/ZaqO5fJ.webp,cdn.imgpile.com,imgpile,,webp
5e41ba09-9bcb-4d97-829b-0152356ede25,MAN CITY 26/27 AWAY HAALAND,image3,,,empty,,unknown
5e9ff30c-18d0-49bc-afc2-80533e1c2114,REAL MADRID RETRO FIRST QUALITY,image1,https://cdn.imgpile.com/f/nT5lW5B.webp,cdn.imgpile.com,imgpile,,webp
5e9ff30c-18d0-49bc-afc2-80533e1c2114,REAL MADRID RETRO FIRST QUALITY,image2,,,empty,,unknown
5e9ff30c-18d0-49bc-afc2-80533e1c2114,REAL MADRID RETRO FIRST QUALITY,image3,,,empty,,unknown
60eef511-e537-414d-a3fa-90320ae0847d,BARCA SPIDER-MAN SPECIAL EDITION,image1,https://cdn.imgpile.com/f/niBnTqg.webp,cdn.imgpile.com,imgpile,,webp
60eef511-e537-414d-a3fa-90320ae0847d,BARCA SPIDER-MAN SPECIAL EDITION,image2,https://cdn.imgpile.com/f/lvMtbOD.webp,cdn.imgpile.com,imgpile,,webp
60eef511-e537-414d-a3fa-90320ae0847d,BARCA SPIDER-MAN SPECIAL EDITION,image3,https://cdn.imgpile.com/f/sniodBX.webp,cdn.imgpile.com,imgpile,,webp
61025e1b-a2e9-484b-8821-6582b544fc4d,SPORTING RONALDO EMBROIDERY,image1,https://cdn.imgpile.com/f/GEZamMm.webp,cdn.imgpile.com,imgpile,,webp
61025e1b-a2e9-484b-8821-6582b544fc4d,SPORTING RONALDO EMBROIDERY,image2,https://cdn.imgpile.com/f/PONaUAH.webp,cdn.imgpile.com,imgpile,,webp
61025e1b-a2e9-484b-8821-6582b544fc4d,SPORTING RONALDO EMBROIDERY,image3,https://cdn.imgpile.com/f/uMd6O07.webp,cdn.imgpile.com,imgpile,,webp
6161f753-4287-4cbe-9531-45f493eec0a6,ARGENTINA AWAY PLAYER VERSION,image1,https://cdn.imgpile.com/f/9UZCCEX.webp,cdn.imgpile.com,imgpile,,webp
6161f753-4287-4cbe-9531-45f493eec0a6,ARGENTINA AWAY PLAYER VERSION,image2,,,empty,,unknown
6161f753-4287-4cbe-9531-45f493eec0a6,ARGENTINA AWAY PLAYER VERSION,image3,,,empty,,unknown
6324ec3c-3a03-4343-bd77-1c63e7029639,REAL MADRID RETRO FIRST QUALITY SET,image1,https://cdn.imgpile.com/f/nT5lW5B.webp,cdn.imgpile.com,imgpile,,webp
6324ec3c-3a03-4343-bd77-1c63e7029639,REAL MADRID RETRO FIRST QUALITY SET,image2,,,empty,,unknown
6324ec3c-3a03-4343-bd77-1c63e7029639,REAL MADRID RETRO FIRST QUALITY SET,image3,,,empty,,unknown
63437b4d-08a6-4e81-b772-408e196f5000,INTERMIAMI 26/27 MESSI THIRD KIT,image1,https://cdn.imgpile.com/f/ju8wfJN.jpg,cdn.imgpile.com,imgpile,,jpg
63437b4d-08a6-4e81-b772-408e196f5000,INTERMIAMI 26/27 MESSI THIRD KIT,image2,https://cdn.imgpile.com/f/UCef7BX.jpg,cdn.imgpile.com,imgpile,,jpg
63437b4d-08a6-4e81-b772-408e196f5000,INTERMIAMI 26/27 MESSI THIRD KIT,image3,,,empty,,unknown
6652c5ea-c7cc-45c7-b38b-22bea29780fb,REAL MADRID 26/27 THIRD KIT PLAYER VERSION,image1,https://cdn.imgpile.com/f/eHPl1PQ.webp,cdn.imgpile.com,imgpile,,webp
6652c5ea-c7cc-45c7-b38b-22bea29780fb,REAL MADRID 26/27 THIRD KIT PLAYER VERSION,image2,,,empty,,unknown
6652c5ea-c7cc-45c7-b38b-22bea29780fb,REAL MADRID 26/27 THIRD KIT PLAYER VERSION,image3,,,empty,,unknown
67321032-4028-42ff-b8c3-41daaf5b88de,JAMAICA x BOB MARLEY YELLOW 2026 WORLDCUP MASTER QUALITY,image1,https://cdn.imgpile.com/f/1IJxCbz.webp,cdn.imgpile.com,imgpile,,webp
67321032-4028-42ff-b8c3-41daaf5b88de,JAMAICA x BOB MARLEY YELLOW 2026 WORLDCUP MASTER QUALITY,image2,,,empty,,unknown
67321032-4028-42ff-b8c3-41daaf5b88de,JAMAICA x BOB MARLEY YELLOW 2026 WORLDCUP MASTER QUALITY,image3,,,empty,,unknown
6973ba2500243bc437ed,Kerala Blasters Home Jersey 2024,image1,https://i.pinimg.com/736x/52/f0/5c/52f05cdb1e824927e8c10e195bcd72ca.jpg,i.pinimg.com,pinimg,,jpg
6973ba2500243bc437ed,Kerala Blasters Home Jersey 2024,image2,https://i.pinimg.com/736x/52/f0/5c/52f05cdb1e824927e8c10e195bcd72ca.jpg,i.pinimg.com,pinimg,,jpg
6973ba2500243bc437ed,Kerala Blasters Home Jersey 2024,image3,https://i.pinimg.com/736x/52/f0/5c/52f05cdb1e824927e8c10e195bcd72ca.jpg,i.pinimg.com,pinimg,,jpg
6973ba28000348d5b9d9,Kerala Blasters Home Jersey 2024,image1,https://i.pinimg.com/736x/52/f0/5c/52f05cdb1e824927e8c10e195bcd72ca.jpg,i.pinimg.com,pinimg,,jpg
6973ba28000348d5b9d9,Kerala Blasters Home Jersey 2024,image2,https://i.pinimg.com/736x/52/f0/5c/52f05cdb1e824927e8c10e195bcd72ca.jpg,i.pinimg.com,pinimg,,jpg
6973ba28000348d5b9d9,Kerala Blasters Home Jersey 2024,image3,https://i.pinimg.com/736x/52/f0/5c/52f05cdb1e824927e8c10e195bcd72ca.jpg,i.pinimg.com,pinimg,,jpg
6973ba2a0039d45760d5,Kerala Blasters Home Jersey 2024,image1,https://i.pinimg.com/736x/52/f0/5c/52f05cdb1e824927e8c10e195bcd72ca.jpg,i.pinimg.com,pinimg,,jpg
6973ba2a0039d45760d5,Kerala Blasters Home Jersey 2024,image2,https://i.pinimg.com/736x/52/f0/5c/52f05cdb1e824927e8c10e195bcd72ca.jpg,i.pinimg.com,pinimg,,jpg
6973ba2a0039d45760d5,Kerala Blasters Home Jersey 2024,image3,https://i.pinimg.com/736x/52/f0/5c/52f05cdb1e824927e8c10e195bcd72ca.jpg,i.pinimg.com,pinimg,,jpg
6973ba2c003d705c5582,Kerala Blasters Home Jersey 2024,image1,https://i.pinimg.com/736x/52/f0/5c/52f05cdb1e824927e8c10e195bcd72ca.jpg,i.pinimg.com,pinimg,,jpg
6973ba2c003d705c5582,Kerala Blasters Home Jersey 2024,image2,https://i.pinimg.com/736x/52/f0/5c/52f05cdb1e824927e8c10e195bcd72ca.jpg,i.pinimg.com,pinimg,,jpg
6973ba2c003d705c5582,Kerala Blasters Home Jersey 2024,image3,https://i.pinimg.com/736x/52/f0/5c/52f05cdb1e824927e8c10e195bcd72ca.jpg,i.pinimg.com,pinimg,,jpg
6973ba3100137a75a24d,Kerala Blasters Home Jersey 2024,image1,https://i.pinimg.com/736x/52/f0/5c/52f05cdb1e824927e8c10e195bcd72ca.jpg,i.pinimg.com,pinimg,,jpg
6973ba3100137a75a24d,Kerala Blasters Home Jersey 2024,image2,https://i.pinimg.com/736x/52/f0/5c/52f05cdb1e824927e8c10e195bcd72ca.jpg,i.pinimg.com,pinimg,,jpg
6973ba3100137a75a24d,Kerala Blasters Home Jersey 2024,image3,https://i.pinimg.com/736x/52/f0/5c/52f05cdb1e824927e8c10e195bcd72ca.jpg,i.pinimg.com,pinimg,,jpg
697638fc0033c1254abe,FIRST QUALITY,image1,https://sgp.cloud.appwrite.io/v1/storage/buckets/696fb2fe002e5fe0bbbf/files/6976706c0004e7ea1cb9/view?project=696faebf00087f88b3cb,sgp.cloud.appwrite.io,other,,unknown
697638fc0033c1254abe,FIRST QUALITY,image2,,,empty,,unknown
697638fc0033c1254abe,FIRST QUALITY,image3,,,empty,,unknown
6989b0d20009f06c9fea,PORTUGAL AWAY 2026 FIFA WORLD CUPPLAYER VERSION,image1,https://cdn.imgpile.com/f/btT7qdH.webp,cdn.imgpile.com,imgpile,,webp
6989b0d20009f06c9fea,PORTUGAL AWAY 2026 FIFA WORLD CUPPLAYER VERSION,image2,,,empty,,unknown
6989b0d20009f06c9fea,PORTUGAL AWAY 2026 FIFA WORLD CUPPLAYER VERSION,image3,,,empty,,unknown
6989b14a00024ee2efb0,PORTUGAL HOME 2026 WORLDCUP PLAYER VERSION,image1,https://cdn.imgpile.com/f/7DXvJjt.webp,cdn.imgpile.com,imgpile,,webp
6989b14a00024ee2efb0,PORTUGAL HOME 2026 WORLDCUP PLAYER VERSION,image2,,,empty,,unknown
6989b14a00024ee2efb0,PORTUGAL HOME 2026 WORLDCUP PLAYER VERSION,image3,,,empty,,unknown
698a2eb600286c9bc3c7,PORTUGAL BLACK PANTHER PLAYER VERSION,image1,https://cdn.imgpile.com/f/fXvVc2A.webp,cdn.imgpile.com,imgpile,,webp
698a2eb600286c9bc3c7,PORTUGAL BLACK PANTHER PLAYER VERSION,image2,,,empty,,unknown
698a2eb600286c9bc3c7,PORTUGAL BLACK PANTHER PLAYER VERSION,image3,,,empty,,unknown
6992decc003290bb8ef1,FIRST QUALITY SET FULL SLEEVE,image1,https://sgp.cloud.appwrite.io/v1/storage/buckets/696fb2fe002e5fe0bbbf/files/6992de2c0002888aeb7b/view?project=696faebf00087f88b3cb,sgp.cloud.appwrite.io,other,,unknown
6992decc003290bb8ef1,FIRST QUALITY SET FULL SLEEVE,image2,https://sgp.cloud.appwrite.io/v1/storage/buckets/696fb2fe002e5fe0bbbf/files/6992de8b000d4d1b22d7/view?project=696faebf00087f88b3cb,sgp.cloud.appwrite.io,other,,unknown
6992decc003290bb8ef1,FIRST QUALITY SET FULL SLEEVE,image3,,,empty,,unknown
69a6a39f-665b-4dc8-b398-5bea2dbebfc0,BRAZIL HOME PLAYER VERSION,image1,https://cdn.imgpile.com/f/9UZCCEX.webp,cdn.imgpile.com,imgpile,,webp
69a6a39f-665b-4dc8-b398-5bea2dbebfc0,BRAZIL HOME PLAYER VERSION,image2,,,empty,,unknown
69a6a39f-665b-4dc8-b398-5bea2dbebfc0,BRAZIL HOME PLAYER VERSION,image3,,,empty,,unknown
69f4fd9b00201498b3f1,BARCELONA 25/26 HOME PLAYER VERSION,image1,https://cdn.imgpile.com/f/eCFlC3i.webp,cdn.imgpile.com,imgpile,,webp
69f4fd9b00201498b3f1,BARCELONA 25/26 HOME PLAYER VERSION,image2,,,empty,,unknown
69f4fd9b00201498b3f1,BARCELONA 25/26 HOME PLAYER VERSION,image3,,,empty,,unknown
69f5ca650005bd7ed272,REAL MADRID 25/26 AWAY PLAYER VERSION,image1,https://sgp.cloud.appwrite.io/v1/storage/buckets/696fb2fe002e5fe0bbbf/files/69f5c93c000c4135a7a7/view?project=696faebf00087f88b3cb,sgp.cloud.appwrite.io,other,,unknown
69f5ca650005bd7ed272,REAL MADRID 25/26 AWAY PLAYER VERSION,image2,,,empty,,unknown
69f5ca650005bd7ed272,REAL MADRID 25/26 AWAY PLAYER VERSION,image3,,,empty,,unknown
69f79a4000236144feaf,BARCA 25/26 FOURTH PLAYER VERSION,image1,https://cdn.imgpile.com/f/G3IewIX.webp,cdn.imgpile.com,imgpile,,webp
69f79a4000236144feaf,BARCA 25/26 FOURTH PLAYER VERSION,image2,,,empty,,unknown
69f79a4000236144feaf,BARCA 25/26 FOURTH PLAYER VERSION,image3,,,empty,,unknown
69f839e1000af801284c,REAL MADRID DRAGON EDITION FIRST QUALITY SET,image1,https://sgp.cloud.appwrite.io/v1/storage/buckets/696fb2fe002e5fe0bbbf/files/69f839a2003b7034f82c/view?project=696faebf00087f88b3cb,sgp.cloud.appwrite.io,other,,unknown
69f839e1000af801284c,REAL MADRID DRAGON EDITION FIRST QUALITY SET,image2,,,empty,,unknown
69f839e1000af801284c,REAL MADRID DRAGON EDITION FIRST QUALITY SET,image3,,,empty,,unknown
69f83a3900376f906265,REAL MADRID DRAGON EDITION FIRST QUALITY SET,image1,https://sgp.cloud.appwrite.io/v1/storage/buckets/696fb2fe002e5fe0bbbf/files/69f83a340019cd5acadd/view?project=696faebf00087f88b3cb,sgp.cloud.appwrite.io,other,,unknown
69f83a3900376f906265,REAL MADRID DRAGON EDITION FIRST QUALITY SET,image2,,,empty,,unknown
69f83a3900376f906265,REAL MADRID DRAGON EDITION FIRST QUALITY SET,image3,,,empty,,unknown
69f83aaa00216e2603bb,MAN CITY 25/26 HOME FIRST QUALITY SET,image1,https://sgp.cloud.appwrite.io/v1/storage/buckets/696fb2fe002e5fe0bbbf/files/69f83a7000197bb1547b/view?project=696faebf00087f88b3cb,sgp.cloud.appwrite.io,other,,unknown
69f83aaa00216e2603bb,MAN CITY 25/26 HOME FIRST QUALITY SET,image2,,,empty,,unknown
69f83aaa00216e2603bb,MAN CITY 25/26 HOME FIRST QUALITY SET,image3,,,empty,,unknown
69f83b8f0022f23f5700,ARSENAL 25/26 HOME FIRST QUALITY SET,image1,https://0wkmdbtajqfmygt1.public.blob.vercel-storage.com/f0e444ad-276a-495c-91d9-0653b8143d7c-Kh9K12V22pQFJiV5F2llkO1vdecqM7.jpeg,0wkmdbtajqfmygt1.public.blob.vercel-storage.com,other,,jpeg
69f83b8f0022f23f5700,ARSENAL 25/26 HOME FIRST QUALITY SET,image2,,,empty,,unknown
69f83b8f0022f23f5700,ARSENAL 25/26 HOME FIRST QUALITY SET,image3,,,empty,,unknown
69f83bd4002deb3d2e5d,REAL MADRID 25/26 DRAGON EDITION FIRST QUALITY SET,image1,https://0wkmdbtajqfmygt1.public.blob.vercel-storage.com/72573418-7fa5-495b-84ac-92f43900a530-2muLcNe2tofjZpmISZnp8Z0pPa80Tz.jpeg,0wkmdbtajqfmygt1.public.blob.vercel-storage.com,other,,jpeg
69f83bd4002deb3d2e5d,REAL MADRID 25/26 DRAGON EDITION FIRST QUALITY SET,image2,,,empty,,unknown
69f83bd4002deb3d2e5d,REAL MADRID 25/26 DRAGON EDITION FIRST QUALITY SET,image3,,,empty,,unknown
6a0745ce00180618fa26,PORTUGAL 2026 AWAY MASTER QUALITY,image1,https://cdn.imgpile.com/f/J72XBPu.webp,cdn.imgpile.com,imgpile,,webp
6a0745ce00180618fa26,PORTUGAL 2026 AWAY MASTER QUALITY,image2,,,empty,,unknown
6a0745ce00180618fa26,PORTUGAL 2026 AWAY MASTER QUALITY,image3,,,empty,,unknown
6a074e7f000dff901980,SPAIN 2026 WORLDCUP AWAY  PLAYER VERSION,image1,https://cdn.imgpile.com/f/ODwoAj2.webp,cdn.imgpile.com,imgpile,,webp
6a074e7f000dff901980,SPAIN 2026 WORLDCUP AWAY  PLAYER VERSION,image2,,,empty,,unknown
6a074e7f000dff901980,SPAIN 2026 WORLDCUP AWAY  PLAYER VERSION,image3,,,empty,,unknown
6a074ecb000cbee22278,URUGUAY AWAY 2026 WORLDCUP MASTER QUALITY/ FAN VERSION,image1,https://cdn.imgpile.com/f/lItPUPN.webp,cdn.imgpile.com,imgpile,,webp
6a074ecb000cbee22278,URUGUAY AWAY 2026 WORLDCUP MASTER QUALITY/ FAN VERSION,image2,,,empty,,unknown
6a074ecb000cbee22278,URUGUAY AWAY 2026 WORLDCUP MASTER QUALITY/ FAN VERSION,image3,,,empty,,unknown
6a092ef0000c92164430,ENGLAND HOME PLAYER VERSION 2026 ,image1,https://cdn.imgpile.com/f/ze9rFkm.webp,cdn.imgpile.com,imgpile,,webp
6a092ef0000c92164430,ENGLAND HOME PLAYER VERSION 2026 ,image2,,,empty,,unknown
6a092ef0000c92164430,ENGLAND HOME PLAYER VERSION 2026 ,image3,,,empty,,unknown
6a09df560031a37f153b,GERMANY AWAY 2026 MASTER QUALITY/ FAN VERSION,image1,https://cdn.imgpile.com/f/TtMtAGd.webp,cdn.imgpile.com,imgpile,,webp
6a09df560031a37f153b,GERMANY AWAY 2026 MASTER QUALITY/ FAN VERSION,image2,,,empty,,unknown
6a09df560031a37f153b,GERMANY AWAY 2026 MASTER QUALITY/ FAN VERSION,image3,,,empty,,unknown
6a09dfc4001ef167ebc8,GERMANY HOME 2026 MASTER QUALITY/ FAN  VERSION,image1,https://cdn.imgpile.com/f/ZwjdqdS.webp,cdn.imgpile.com,imgpile,,webp
6a09dfc4001ef167ebc8,GERMANY HOME 2026 MASTER QUALITY/ FAN  VERSION,image2,,,empty,,unknown
6a09dfc4001ef167ebc8,GERMANY HOME 2026 MASTER QUALITY/ FAN  VERSION,image3,,,empty,,unknown
6a09e031002f6661ae71,PORTUGAL HOME MASTER QUALITY/ FAN VERSION,image1,https://cdn.imgpile.com/f/HCHp2zB.webp,cdn.imgpile.com,imgpile,,webp
6a09e031002f6661ae71,PORTUGAL HOME MASTER QUALITY/ FAN VERSION,image2,,,empty,,unknown
6a09e031002f6661ae71,PORTUGAL HOME MASTER QUALITY/ FAN VERSION,image3,,,empty,,unknown
6a09e07500038504e2a3,ARGENTINA 2026 HOME MASTER QUALITY/ FAN VERSION,image1,https://cdn.imgpile.com/f/JRwOj5N.jpg,cdn.imgpile.com,imgpile,,jpg
6a09e07500038504e2a3,ARGENTINA 2026 HOME MASTER QUALITY/ FAN VERSION,image2,,,empty,,unknown
6a09e07500038504e2a3,ARGENTINA 2026 HOME MASTER QUALITY/ FAN VERSION,image3,,,empty,,unknown
6a09e388000e15961894,ENGLAND 2026 AWAY PLAYER VERSION,image1,https://cdn.imgpile.com/f/wUnTVfB.webp,cdn.imgpile.com,imgpile,,webp
6a09e388000e15961894,ENGLAND 2026 AWAY PLAYER VERSION,image2,,,empty,,unknown
6a09e388000e15961894,ENGLAND 2026 AWAY PLAYER VERSION,image3,,,empty,,unknown
6a09e3f0001353aa5d21,BRAZIL HOME 2026 MASTER QUALITY/ FAN VERSION,image1,https://cdn.imgpile.com/f/k25GXbm.webp,cdn.imgpile.com,imgpile,,webp
6a09e3f0001353aa5d21,BRAZIL HOME 2026 MASTER QUALITY/ FAN VERSION,image2,,,empty,,unknown
6a09e3f0001353aa5d21,BRAZIL HOME 2026 MASTER QUALITY/ FAN VERSION,image3,,,empty,,unknown
6a09e57e0027751ee0f5,BRAZIL AWAY 2026 MASTER QUALITY,image1,https://cdn.imgpile.com/f/CVSWK1b.webp,cdn.imgpile.com,imgpile,,webp
6a09e57e0027751ee0f5,BRAZIL AWAY 2026 MASTER QUALITY,image2,,,empty,,unknown
6a09e57e0027751ee0f5,BRAZIL AWAY 2026 MASTER QUALITY,image3,,,empty,,unknown
6a09e5db000cefc72b9f,ENGLAND HOME 2026 MASTER QUALITY / FAN VERSION,image1,https://cdn.imgpile.com/f/7ZnGehs.webp,cdn.imgpile.com,imgpile,,webp
6a09e5db000cefc72b9f,ENGLAND HOME 2026 MASTER QUALITY / FAN VERSION,image2,,,empty,,unknown
6a09e5db000cefc72b9f,ENGLAND HOME 2026 MASTER QUALITY / FAN VERSION,image3,,,empty,,unknown
6a09e621003c7b8b465a,SPAIN HOME MASTER QUALITY/ FAN VERSION,image1,https://cdn.imgpile.com/f/yMu5KQD.webp,cdn.imgpile.com,imgpile,,webp
6a09e621003c7b8b465a,SPAIN HOME MASTER QUALITY/ FAN VERSION,image2,,,empty,,unknown
6a09e621003c7b8b465a,SPAIN HOME MASTER QUALITY/ FAN VERSION,image3,,,empty,,unknown
6a09e658003de65d874b,SPAIN AWAY MASTER QUALITY/ FAN VERSION,image1,https://cdn.imgpile.com/f/jtmziZS.webp,cdn.imgpile.com,imgpile,,webp
6a09e658003de65d874b,SPAIN AWAY MASTER QUALITY/ FAN VERSION,image2,,,empty,,unknown
6a09e658003de65d874b,SPAIN AWAY MASTER QUALITY/ FAN VERSION,image3,,,empty,,unknown
6a09e6b100123efe9282,ARGENTINA AWAY MASTER QUALITY,image1,https://cdn.imgpile.com/f/SZo9JEe.webp,cdn.imgpile.com,imgpile,,webp
6a09e6b100123efe9282,ARGENTINA AWAY MASTER QUALITY,image2,,,empty,,unknown
6a09e6b100123efe9282,ARGENTINA AWAY MASTER QUALITY,image3,,,empty,,unknown
6a0aba2c00066e23c5ff,ARGENTINA HOME FIRST QUALITY SET,image1,https://cdn.imgpile.com/f/63TIXbU.webp,cdn.imgpile.com,imgpile,,webp
6a0aba2c00066e23c5ff,ARGENTINA HOME FIRST QUALITY SET,image2,,,empty,,unknown
6a0aba2c00066e23c5ff,ARGENTINA HOME FIRST QUALITY SET,image3,,,empty,,unknown
6a0b6348003172170043,FRANCE AWAY MASTER QUALITY,image1,https://cdn.imgpile.com/f/OuwscH5.webp,cdn.imgpile.com,imgpile,,webp
6a0b6348003172170043,FRANCE AWAY MASTER QUALITY,image2,,,empty,,unknown
6a0b6348003172170043,FRANCE AWAY MASTER QUALITY,image3,,,empty,,unknown
6a0b63780019d5fc737e,ENGLAND AWAY MASTER QUALITY,image1,https://cdn.imgpile.com/f/HJyze2Z.webp,cdn.imgpile.com,imgpile,,webp
6a0b63780019d5fc737e,ENGLAND AWAY MASTER QUALITY,image2,,,empty,,unknown
6a0b63780019d5fc737e,ENGLAND AWAY MASTER QUALITY,image3,,,empty,,unknown
6a0b63fe00102234a7ab,ARSENAL HOME 2026/27 HOME MASTER QUALITY,image1,https://cdn.imgpile.com/f/PCCedxN.webp,cdn.imgpile.com,imgpile,,webp
6a0b63fe00102234a7ab,ARSENAL HOME 2026/27 HOME MASTER QUALITY,image2,,,empty,,unknown
6a0b63fe00102234a7ab,ARSENAL HOME 2026/27 HOME MASTER QUALITY,image3,,,empty,,unknown
6b3be3d1-b78f-4841-9699-1402a335e204,PSG HOME 26/27 PLAYER VERSION,image1,https://cdn.imgpile.com/f/zTYSDOb.webp,cdn.imgpile.com,imgpile,,webp
6b3be3d1-b78f-4841-9699-1402a335e204,PSG HOME 26/27 PLAYER VERSION,image2,,,empty,,unknown
6b3be3d1-b78f-4841-9699-1402a335e204,PSG HOME 26/27 PLAYER VERSION,image3,,,empty,,unknown
6c43bc52-e467-4110-8deb-1355b0cdc692,LIVERPOOL 26/27 HOME VIRGIL,image1,https://cdn.imgpile.com/f/9aX0VaW.webp,cdn.imgpile.com,imgpile,,webp
6c43bc52-e467-4110-8deb-1355b0cdc692,LIVERPOOL 26/27 HOME VIRGIL,image2,https://cdn.imgpile.com/f/xs8oMRb.webp,cdn.imgpile.com,imgpile,,webp
6c43bc52-e467-4110-8deb-1355b0cdc692,LIVERPOOL 26/27 HOME VIRGIL,image3,,,empty,,unknown
714b1872-d638-4e69-977e-489370ee50d7,PSG DEMBELE 26/27 HOME EMBROIDERY,image1,https://cdn.imgpile.com/f/ygjm9yi.webp,cdn.imgpile.com,imgpile,,webp
714b1872-d638-4e69-977e-489370ee50d7,PSG DEMBELE 26/27 HOME EMBROIDERY,image2,https://cdn.imgpile.com/f/rtZFdXE.webp,cdn.imgpile.com,imgpile,,webp
714b1872-d638-4e69-977e-489370ee50d7,PSG DEMBELE 26/27 HOME EMBROIDERY,image3,https://cdn.imgpile.com/f/KTVOits.webp,cdn.imgpile.com,imgpile,,webp
7205acef-95f1-47f5-9d81-0d16f274ac5b,BARCA HOME 26/27  YAMAL EMBRODARY,image1,https://cdn.imgpile.com/f/4W0xemU.jpg,cdn.imgpile.com,imgpile,,jpg
7205acef-95f1-47f5-9d81-0d16f274ac5b,BARCA HOME 26/27  YAMAL EMBRODARY,image2,https://cdn.imgpile.com/f/5NU1KEv.jpg,cdn.imgpile.com,imgpile,,jpg
7205acef-95f1-47f5-9d81-0d16f274ac5b,BARCA HOME 26/27  YAMAL EMBRODARY,image3,https://cdn.imgpile.com/f/pEBuYkO.jpg,cdn.imgpile.com,imgpile,,jpg
7286d6d7-36d7-4b8c-92ab-58ccf1820be9,ENGLAND AWAY PLAYER VERSION,image1,https://cdn.imgpile.com/f/Jgi5UJ6.webp,cdn.imgpile.com,imgpile,,webp
7286d6d7-36d7-4b8c-92ab-58ccf1820be9,ENGLAND AWAY PLAYER VERSION,image2,,,empty,,unknown
7286d6d7-36d7-4b8c-92ab-58ccf1820be9,ENGLAND AWAY PLAYER VERSION,image3,,,empty,,unknown
728c3266-7dbb-4d0d-aafc-c501c9f2a036,AC MILAN HOME 26/27 PLAYER VERSION,image1,https://cdn.imgpile.com/f/el1YOzA.webp,cdn.imgpile.com,imgpile,,webp
728c3266-7dbb-4d0d-aafc-c501c9f2a036,AC MILAN HOME 26/27 PLAYER VERSION,image2,,,empty,,unknown
728c3266-7dbb-4d0d-aafc-c501c9f2a036,AC MILAN HOME 26/27 PLAYER VERSION,image3,,,empty,,unknown
75c6d117-2df1-4173-ae77-c2f5d45a117e,AC MILAN MALDINI RETRO EMBROIDERY,image1,https://cdn.imgpile.com/f/ztAVxEu.jpg,cdn.imgpile.com,imgpile,,jpg
75c6d117-2df1-4173-ae77-c2f5d45a117e,AC MILAN MALDINI RETRO EMBROIDERY,image2,https://cdn.imgpile.com/f/lPOBgcV.jpg,cdn.imgpile.com,imgpile,,jpg
75c6d117-2df1-4173-ae77-c2f5d45a117e,AC MILAN MALDINI RETRO EMBROIDERY,image3,https://cdn.imgpile.com/f/Jy7MFon.jpg,cdn.imgpile.com,imgpile,,jpg
77ebbb7a-7673-4ea8-87a4-fb551fd4e13b,LIVERPOOL 26/27 SZOBOZLAI SIGNATURE MATERIAL EMBRODARY,image1,https://cdn.imgpile.com/f/qpbRJfC.webp,cdn.imgpile.com,imgpile,,webp
77ebbb7a-7673-4ea8-87a4-fb551fd4e13b,LIVERPOOL 26/27 SZOBOZLAI SIGNATURE MATERIAL EMBRODARY,image2,https://cdn.imgpile.com/f/xuhA3Ca.webp,cdn.imgpile.com,imgpile,,webp
77ebbb7a-7673-4ea8-87a4-fb551fd4e13b,LIVERPOOL 26/27 SZOBOZLAI SIGNATURE MATERIAL EMBRODARY,image3,https://cdn.imgpile.com/f/URRyDbU.webp,cdn.imgpile.com,imgpile,,webp
795040ac-d1b7-4093-95f9-0a2ef6b14f34,REAL MADRID 26/27 AWAY PLAYER VERSION,image1,https://cdn.imgpile.com/f/BVBe6gd.webp,cdn.imgpile.com,imgpile,,webp
795040ac-d1b7-4093-95f9-0a2ef6b14f34,REAL MADRID 26/27 AWAY PLAYER VERSION,image2,,,empty,,unknown
795040ac-d1b7-4093-95f9-0a2ef6b14f34,REAL MADRID 26/27 AWAY PLAYER VERSION,image3,,,empty,,unknown
79a72888-cc46-47c8-8c91-78c4ab231869,INTERMILAN 26/27 HOME FIRST QUALITY SET,image1,https://cdn.imgpile.com/f/fOwQv0C.webp,cdn.imgpile.com,imgpile,,webp
79a72888-cc46-47c8-8c91-78c4ab231869,INTERMILAN 26/27 HOME FIRST QUALITY SET,image2,,,empty,,unknown
79a72888-cc46-47c8-8c91-78c4ab231869,INTERMILAN 26/27 HOME FIRST QUALITY SET,image3,,,empty,,unknown
7bcff70a-026d-4299-804f-993f7613d9c0,PORTUGAL HOME PLAYER VERSION,image1,https://cdn.imgpile.com/f/nT5lW5B.webp,cdn.imgpile.com,imgpile,,webp
7bcff70a-026d-4299-804f-993f7613d9c0,PORTUGAL HOME PLAYER VERSION,image2,,,empty,,unknown
7bcff70a-026d-4299-804f-993f7613d9c0,PORTUGAL HOME PLAYER VERSION,image3,,,empty,,unknown
7cf0f52e-5d3d-4ba7-851a-9c4ca4fecbf2,BARCA YAMAL 26/27 THIRD EMBROIDERY,image1,https://cdn.imgpile.com/f/U5LFJcX.webp,cdn.imgpile.com,imgpile,,webp
7cf0f52e-5d3d-4ba7-851a-9c4ca4fecbf2,BARCA YAMAL 26/27 THIRD EMBROIDERY,image2,https://cdn.imgpile.com/f/WRq3eSt.webp,cdn.imgpile.com,imgpile,,webp
7cf0f52e-5d3d-4ba7-851a-9c4ca4fecbf2,BARCA YAMAL 26/27 THIRD EMBROIDERY,image3,https://cdn.imgpile.com/f/zbp3jH3.webp,cdn.imgpile.com,imgpile,,webp
7dc43302-3610-4976-a713-647fa932ab3c,GERMANY AWAY WORLDCUP FIRST QUALITY SET,image1,https://cdn.imgpile.com/f/nT5lW5B.webp,cdn.imgpile.com,imgpile,,webp
7dc43302-3610-4976-a713-647fa932ab3c,GERMANY AWAY WORLDCUP FIRST QUALITY SET,image2,,,empty,,unknown
7dc43302-3610-4976-a713-647fa932ab3c,GERMANY AWAY WORLDCUP FIRST QUALITY SET,image3,,,empty,,unknown
80d719bc-df55-4233-9848-dcf968ffb6c7,COLOMBIA AWAY 2026 WORLDCUP PLAYER VERSION,image1,https://cdn.imgpile.com/f/qNRkImb.webp,cdn.imgpile.com,imgpile,,webp
80d719bc-df55-4233-9848-dcf968ffb6c7,COLOMBIA AWAY 2026 WORLDCUP PLAYER VERSION,image2,,,empty,,unknown
80d719bc-df55-4233-9848-dcf968ffb6c7,COLOMBIA AWAY 2026 WORLDCUP PLAYER VERSION,image3,,,empty,,unknown
83503184-7704-46b1-a97b-d4468770f56b,MAN UNITED AWAY 26/27 CUNHA,image1,https://cdn.imgpile.com/f/Ns2iIM1.webp,cdn.imgpile.com,imgpile,,webp
83503184-7704-46b1-a97b-d4468770f56b,MAN UNITED AWAY 26/27 CUNHA,image2,https://cdn.imgpile.com/f/xM1ipCr.webp,cdn.imgpile.com,imgpile,,webp
83503184-7704-46b1-a97b-d4468770f56b,MAN UNITED AWAY 26/27 CUNHA,image3,,,empty,,unknown
8463805e-05c8-4fa4-8d43-494c22da8ad6,TOTTENHAM AWAY 26/27 FIRST QUALITY SET,image1,https://cdn.imgpile.com/f/nT5lW5B.webp,cdn.imgpile.com,imgpile,,webp
8463805e-05c8-4fa4-8d43-494c22da8ad6,TOTTENHAM AWAY 26/27 FIRST QUALITY SET,image2,,,empty,,unknown
8463805e-05c8-4fa4-8d43-494c22da8ad6,TOTTENHAM AWAY 26/27 FIRST QUALITY SET,image3,,,empty,,unknown
85228c09-be32-4bee-a350-835d557da53b,MAN UNITED 26/27 HOME PLAYER VERSION,image1,https://cdn.imgpile.com/f/PLtLGqh.webp,cdn.imgpile.com,imgpile,,webp
85228c09-be32-4bee-a350-835d557da53b,MAN UNITED 26/27 HOME PLAYER VERSION,image2,,,empty,,unknown
85228c09-be32-4bee-a350-835d557da53b,MAN UNITED 26/27 HOME PLAYER VERSION,image3,,,empty,,unknown
878085c3-d570-4538-b4f2-1fb583a270d2,DORTMUND 26/27 FIRST QUALITY SET,image1,https://cdn.imgpile.com/f/nT5lW5B.webp,cdn.imgpile.com,imgpile,,webp
878085c3-d570-4538-b4f2-1fb583a270d2,DORTMUND 26/27 FIRST QUALITY SET,image2,,,empty,,unknown
878085c3-d570-4538-b4f2-1fb583a270d2,DORTMUND 26/27 FIRST QUALITY SET,image3,,,empty,,unknown
88a56519-4ea3-4ba3-a8a4-973ebf42878f,CHELSEA 26/27 HOME PLAYER VERSION,image1,https://cdn.imgpile.com/f/cQowVi5.webp,cdn.imgpile.com,imgpile,,webp
88a56519-4ea3-4ba3-a8a4-973ebf42878f,CHELSEA 26/27 HOME PLAYER VERSION,image2,,,empty,,unknown
88a56519-4ea3-4ba3-a8a4-973ebf42878f,CHELSEA 26/27 HOME PLAYER VERSION,image3,,,empty,,unknown
8a3147e3-10fa-4f47-80de-2119d0358162,MAN CITY HOME 26/27 PLAYER VERSION,image1,https://cdn.imgpile.com/f/9rCbVFe.webp,cdn.imgpile.com,imgpile,,webp
8a3147e3-10fa-4f47-80de-2119d0358162,MAN CITY HOME 26/27 PLAYER VERSION,image2,,,empty,,unknown
8a3147e3-10fa-4f47-80de-2119d0358162,MAN CITY HOME 26/27 PLAYER VERSION,image3,,,empty,,unknown
8c16030f-f1e6-408d-9a60-c0eff47ae805,BECKHAM REAL MADRID RETRO 2006-7 AWAY EMBROIDERY,image1,https://cdn.imgpile.com/f/ql831fx.jpg,cdn.imgpile.com,imgpile,,jpg
8c16030f-f1e6-408d-9a60-c0eff47ae805,BECKHAM REAL MADRID RETRO 2006-7 AWAY EMBROIDERY,image2,https://cdn.imgpile.com/f/kOcudO8.jpg,cdn.imgpile.com,imgpile,,jpg
8c16030f-f1e6-408d-9a60-c0eff47ae805,BECKHAM REAL MADRID RETRO 2006-7 AWAY EMBROIDERY,image3,https://cdn.imgpile.com/f/b0YYkCb.jpg,cdn.imgpile.com,imgpile,,jpg
8cbd9e06-f689-4f10-99fe-c9bc84d6a4c1,REAL MADRID 26/27 HOME BELLINGHAM EMBROIDERY,image1,https://cdn.imgpile.com/f/XpDRMwx.jpg,cdn.imgpile.com,imgpile,,jpg
8cbd9e06-f689-4f10-99fe-c9bc84d6a4c1,REAL MADRID 26/27 HOME BELLINGHAM EMBROIDERY,image2,https://cdn.imgpile.com/f/gWJgxgO.webp,cdn.imgpile.com,imgpile,,webp
8cbd9e06-f689-4f10-99fe-c9bc84d6a4c1,REAL MADRID 26/27 HOME BELLINGHAM EMBROIDERY,image3,https://cdn.imgpile.com/f/eFFOH5J.jpg,cdn.imgpile.com,imgpile,,jpg
8eee165b-94d1-4752-8fc3-9c0f42f5fdcd,MAN CITY 26/27 HOME FIRST QUALITY,image1,https://cdn.imgpile.com/f/9ANkVg0.webp,cdn.imgpile.com,imgpile,,webp
8eee165b-94d1-4752-8fc3-9c0f42f5fdcd,MAN CITY 26/27 HOME FIRST QUALITY,image2,,,empty,,unknown
8eee165b-94d1-4752-8fc3-9c0f42f5fdcd,MAN CITY 26/27 HOME FIRST QUALITY,image3,,,empty,,unknown
90b18200-413d-44e4-bd3d-79f28a8a7467,BARCA HOME MESSI RETRO EMBRODARY,image1,https://cdn.imgpile.com/f/tgiiiJ0.webp,cdn.imgpile.com,imgpile,,webp
90b18200-413d-44e4-bd3d-79f28a8a7467,BARCA HOME MESSI RETRO EMBRODARY,image2,https://cdn.imgpile.com/f/GGiMXGt.webp,cdn.imgpile.com,imgpile,,webp
90b18200-413d-44e4-bd3d-79f28a8a7467,BARCA HOME MESSI RETRO EMBRODARY,image3,https://cdn.imgpile.com/f/zt36tNQ.webp,cdn.imgpile.com,imgpile,,webp
92177b68-8f24-4610-abde-d8d1f2a79df0,SPAIN AWAY YAMAL EMBRODARY 2 STAR,image1,https://cdn.imgpile.com/f/B9Kqubd.webp,cdn.imgpile.com,imgpile,,webp
92177b68-8f24-4610-abde-d8d1f2a79df0,SPAIN AWAY YAMAL EMBRODARY 2 STAR,image2,https://cdn.imgpile.com/f/fA7oivT.webp,cdn.imgpile.com,imgpile,,webp
92177b68-8f24-4610-abde-d8d1f2a79df0,SPAIN AWAY YAMAL EMBRODARY 2 STAR,image3,https://cdn.imgpile.com/f/4OUK7hx.webp,cdn.imgpile.com,imgpile,,webp
92b3a555-8c1b-404a-bd98-140dc9a64aaf,ARSENAL THIRD 26/27 PLAYER VERSION,image1,https://cdn.imgpile.com/f/hK0iemV.webp,cdn.imgpile.com,imgpile,,webp
92b3a555-8c1b-404a-bd98-140dc9a64aaf,ARSENAL THIRD 26/27 PLAYER VERSION,image2,,,empty,,unknown
92b3a555-8c1b-404a-bd98-140dc9a64aaf,ARSENAL THIRD 26/27 PLAYER VERSION,image3,,,empty,,unknown
931ae5ca-3da2-4157-a5ab-b2eeac10bc44,ARGENTINA CONCEPT KIT FIRST QUALITY SET,image1,https://cdn.imgpile.com/f/nT5lW5B.webp,cdn.imgpile.com,imgpile,,webp
931ae5ca-3da2-4157-a5ab-b2eeac10bc44,ARGENTINA CONCEPT KIT FIRST QUALITY SET,image2,,,empty,,unknown
931ae5ca-3da2-4157-a5ab-b2eeac10bc44,ARGENTINA CONCEPT KIT FIRST QUALITY SET,image3,,,empty,,unknown
93da1cb0-5d7f-4cd0-ac5f-eadc9ef251f6,BARCA 26/27 YAMAL FOURTH KIT EMBRODARY,image1,https://cdn.imgpile.com/f/ZJcMFwU.webp,cdn.imgpile.com,imgpile,,webp
93da1cb0-5d7f-4cd0-ac5f-eadc9ef251f6,BARCA 26/27 YAMAL FOURTH KIT EMBRODARY,image2,https://cdn.imgpile.com/f/xrI3yKm.webp,cdn.imgpile.com,imgpile,,webp
93da1cb0-5d7f-4cd0-ac5f-eadc9ef251f6,BARCA 26/27 YAMAL FOURTH KIT EMBRODARY,image3,,,empty,,unknown
94adaf90-0230-4b84-8b2f-d60a8be7d7c7,INTERMIAMI 26/27 THIRD KIT MESSI,image1,https://cdn.imgpile.com/f/ww7bu3Y.jpg,cdn.imgpile.com,imgpile,,jpg
94adaf90-0230-4b84-8b2f-d60a8be7d7c7,INTERMIAMI 26/27 THIRD KIT MESSI,image2,https://cdn.imgpile.com/f/EZnBFyv.jpg,cdn.imgpile.com,imgpile,,jpg
94adaf90-0230-4b84-8b2f-d60a8be7d7c7,INTERMIAMI 26/27 THIRD KIT MESSI,image3,,,empty,,unknown
9540a3b5-5881-41c5-956a-52f22015b861,ARSENAL 26/27 HOME PLAYER VERSION,image1,https://cdn.imgpile.com/f/FnTGdyH.webp,cdn.imgpile.com,imgpile,,webp
9540a3b5-5881-41c5-956a-52f22015b861,ARSENAL 26/27 HOME PLAYER VERSION,image2,,,empty,,unknown
9540a3b5-5881-41c5-956a-52f22015b861,ARSENAL 26/27 HOME PLAYER VERSION,image3,,,empty,,unknown
96fdbdbe-c8ba-4ffa-a4dd-d3dfbf0f75c0,JUVENTUS 26/27 PLAYER VERSION,image1,https://cdn.imgpile.com/f/azYXjjF.webp,cdn.imgpile.com,imgpile,,webp
96fdbdbe-c8ba-4ffa-a4dd-d3dfbf0f75c0,JUVENTUS 26/27 PLAYER VERSION,image2,,,empty,,unknown
96fdbdbe-c8ba-4ffa-a4dd-d3dfbf0f75c0,JUVENTUS 26/27 PLAYER VERSION,image3,,,empty,,unknown
97456151-9579-45f0-a38c-99d5df38928b,INTERMILAN 26/27 HOME FIRST QUALITY SET,image1,https://cdn.imgpile.com/f/nT5lW5B.webp,cdn.imgpile.com,imgpile,,webp
97456151-9579-45f0-a38c-99d5df38928b,INTERMILAN 26/27 HOME FIRST QUALITY SET,image2,,,empty,,unknown
97456151-9579-45f0-a38c-99d5df38928b,INTERMILAN 26/27 HOME FIRST QUALITY SET,image3,,,empty,,unknown
98ee6324-11d0-441c-8875-6634583bc484,ARGENTINA HOME PLAYER VERSION,image1,https://cdn.imgpile.com/f/Vfmyxgh.webp,cdn.imgpile.com,imgpile,,webp
98ee6324-11d0-441c-8875-6634583bc484,ARGENTINA HOME PLAYER VERSION,image2,,,empty,,unknown
98ee6324-11d0-441c-8875-6634583bc484,ARGENTINA HOME PLAYER VERSION,image3,,,empty,,unknown
9b29725c-ce56-4089-a99f-eabaf7245372,CELTICS 26/27 HOME PLAYER VERSION,image1,https://cdn.imgpile.com/f/tA2gakN.webp,cdn.imgpile.com,imgpile,,webp
9b29725c-ce56-4089-a99f-eabaf7245372,CELTICS 26/27 HOME PLAYER VERSION,image2,,,empty,,unknown
9b29725c-ce56-4089-a99f-eabaf7245372,CELTICS 26/27 HOME PLAYER VERSION,image3,,,empty,,unknown
9b703391-fbe8-47ae-9cff-96f4cd3a8ce5,REAL MADRID RETRO SERGIO RAMOS EMBROIDERY,image1,https://cdn.imgpile.com/f/9VPYaMt.jpg,cdn.imgpile.com,imgpile,,jpg
9b703391-fbe8-47ae-9cff-96f4cd3a8ce5,REAL MADRID RETRO SERGIO RAMOS EMBROIDERY,image2,https://cdn.imgpile.com/f/hjR2Xgy.jpg,cdn.imgpile.com,imgpile,,jpg
9b703391-fbe8-47ae-9cff-96f4cd3a8ce5,REAL MADRID RETRO SERGIO RAMOS EMBROIDERY,image3,https://cdn.imgpile.com/f/IFXgHfq.jpg,cdn.imgpile.com,imgpile,,jpg
9bc592ef-8fa4-456f-89d7-6b08c0948c55,REAL MADRID AWAY 26/27 BELLINGHAM EMBROIDERY,image1,https://cdn.imgpile.com/f/tMHhTTB.webp,cdn.imgpile.com,imgpile,,webp
9bc592ef-8fa4-456f-89d7-6b08c0948c55,REAL MADRID AWAY 26/27 BELLINGHAM EMBROIDERY,image2,https://cdn.imgpile.com/f/ZlY3ZMC.webp,cdn.imgpile.com,imgpile,,webp
9bc592ef-8fa4-456f-89d7-6b08c0948c55,REAL MADRID AWAY 26/27 BELLINGHAM EMBROIDERY,image3,https://cdn.imgpile.com/f/WBQMGfT.webp,cdn.imgpile.com,imgpile,,webp
9e2ccc46-53c8-4f48-a146-9308f9518cb3,REAL MADRID RONALDO RETRO,image1,https://cdn.imgpile.com/f/1hlyNHM.jpg,cdn.imgpile.com,imgpile,,jpg
9e2ccc46-53c8-4f48-a146-9308f9518cb3,REAL MADRID RONALDO RETRO,image2,https://cdn.imgpile.com/f/Il3m8Nd.jpg,cdn.imgpile.com,imgpile,,jpg
9e2ccc46-53c8-4f48-a146-9308f9518cb3,REAL MADRID RONALDO RETRO,image3,,,empty,,unknown
9e5568de-93d5-4907-9c9f-fc4cac4e80f6,REAL MADRID 125TH ANNIVERSARY EDITION PLAYER VERSION,image1,https://cdn.imgpile.com/f/vfwbSiS.webp,cdn.imgpile.com,imgpile,,webp
9e5568de-93d5-4907-9c9f-fc4cac4e80f6,REAL MADRID 125TH ANNIVERSARY EDITION PLAYER VERSION,image2,,,empty,,unknown
9e5568de-93d5-4907-9c9f-fc4cac4e80f6,REAL MADRID 125TH ANNIVERSARY EDITION PLAYER VERSION,image3,,,empty,,unknown
9eb44643-9162-491e-9861-48c78935f3a3,AC MILAN MALDINI RETRO EMBROIDERY,image1,https://cdn.imgpile.com/f/RIuOY6z.jpg,cdn.imgpile.com,imgpile,,jpg
9eb44643-9162-491e-9861-48c78935f3a3,AC MILAN MALDINI RETRO EMBROIDERY,image2,https://cdn.imgpile.com/f/KvUOWux.jpg,cdn.imgpile.com,imgpile,,jpg
9eb44643-9162-491e-9861-48c78935f3a3,AC MILAN MALDINI RETRO EMBROIDERY,image3,https://cdn.imgpile.com/f/oxcT7hW.jpg,cdn.imgpile.com,imgpile,,jpg
9ed45842-181e-4e46-87de-5eec123a76b6,BRAZIL AWAY 2026 PLAYER VERSION,image1,https://cdn.imgpile.com/f/1k44TM9.webp,cdn.imgpile.com,imgpile,,webp
9ed45842-181e-4e46-87de-5eec123a76b6,BRAZIL AWAY 2026 PLAYER VERSION,image2,,,empty,,unknown
9ed45842-181e-4e46-87de-5eec123a76b6,BRAZIL AWAY 2026 PLAYER VERSION,image3,,,empty,,unknown
a074af80-81e2-4b05-9676-96c8dfbe2763,JUVENTUS HOME 26/27 FIRST QUALITY SET,image1,https://cdn.imgpile.com/f/3SSL2CJ.webp,cdn.imgpile.com,imgpile,,webp
a074af80-81e2-4b05-9676-96c8dfbe2763,JUVENTUS HOME 26/27 FIRST QUALITY SET,image2,,,empty,,unknown
a074af80-81e2-4b05-9676-96c8dfbe2763,JUVENTUS HOME 26/27 FIRST QUALITY SET,image3,,,empty,,unknown
a1aba93b-e5fd-4fa6-9a7b-f81fc9fbfd07,ALNASSR 26/27 HOME RONALDO EMBROIDERY,image1,https://cdn.imgpile.com/f/xdqpsF6.jpg,cdn.imgpile.com,imgpile,,jpg
a1aba93b-e5fd-4fa6-9a7b-f81fc9fbfd07,ALNASSR 26/27 HOME RONALDO EMBROIDERY,image2,https://cdn.imgpile.com/f/YGDeomT.jpg,cdn.imgpile.com,imgpile,,jpg
a1aba93b-e5fd-4fa6-9a7b-f81fc9fbfd07,ALNASSR 26/27 HOME RONALDO EMBROIDERY,image3,https://cdn.imgpile.com/f/n0lNGpf.jpg,cdn.imgpile.com,imgpile,,jpg
a2a6455d-674a-4489-b6c9-ae2bf8685185,MAN UNITED BECKHAM EMBRODARY,image1,https://cdn.imgpile.com/f/muwnDWo.webp,cdn.imgpile.com,imgpile,,webp
a2a6455d-674a-4489-b6c9-ae2bf8685185,MAN UNITED BECKHAM EMBRODARY,image2,https://cdn.imgpile.com/f/528dElp.webp,cdn.imgpile.com,imgpile,,webp
a2a6455d-674a-4489-b6c9-ae2bf8685185,MAN UNITED BECKHAM EMBRODARY,image3,https://cdn.imgpile.com/f/8jcs6r7.webp,cdn.imgpile.com,imgpile,,webp
a3fe16ae-921f-413e-a284-288ed1690009,REAL MADRID 26/27 VINI JR EMBRODARY,image1,https://cdn.imgpile.com/f/0vPVjKx.webp,cdn.imgpile.com,imgpile,,webp
a3fe16ae-921f-413e-a284-288ed1690009,REAL MADRID 26/27 VINI JR EMBRODARY,image2,https://cdn.imgpile.com/f/gWJgxgO.webp,cdn.imgpile.com,imgpile,,webp
a3fe16ae-921f-413e-a284-288ed1690009,REAL MADRID 26/27 VINI JR EMBRODARY,image3,https://cdn.imgpile.com/f/GXd0LyV.webp,cdn.imgpile.com,imgpile,,webp
a7cde722-e3c7-4efa-840b-63255375eb50,ARGENTINA AWAY MESSI RETRO EMBRODARY,image1,https://cdn.imgpile.com/f/XELzGsA.webp,cdn.imgpile.com,imgpile,,webp
a7cde722-e3c7-4efa-840b-63255375eb50,ARGENTINA AWAY MESSI RETRO EMBRODARY,image2,https://cdn.imgpile.com/f/bFZuRQU.webp,cdn.imgpile.com,imgpile,,webp
a7cde722-e3c7-4efa-840b-63255375eb50,ARGENTINA AWAY MESSI RETRO EMBRODARY,image3,,,empty,,unknown
a842b8b9-5686-4fdd-a812-d66288e10266,REAL MADRID HOME LOUIS VIUTTON EDITION PLAYER VERSION,image1,https://cdn.imgpile.com/f/Ijq9bVu.webp,cdn.imgpile.com,imgpile,,webp
a842b8b9-5686-4fdd-a812-d66288e10266,REAL MADRID HOME LOUIS VIUTTON EDITION PLAYER VERSION,image2,,,empty,,unknown
a842b8b9-5686-4fdd-a812-d66288e10266,REAL MADRID HOME LOUIS VIUTTON EDITION PLAYER VERSION,image3,,,empty,,unknown
aac7796c-8077-469e-9bc7-caac78510243,BARCA AWAY 26/27 PLAYER VERSION,image1,https://cdn.imgpile.com/f/JcrVmMK.webp,cdn.imgpile.com,imgpile,,webp
aac7796c-8077-469e-9bc7-caac78510243,BARCA AWAY 26/27 PLAYER VERSION,image2,,,empty,,unknown
aac7796c-8077-469e-9bc7-caac78510243,BARCA AWAY 26/27 PLAYER VERSION,image3,,,empty,,unknown
ab541923-e383-4ab3-9866-035915645bf3,CHELSEA 26/27 AWAY PALMER,image1,https://cdn.imgpile.com/f/XTYUjQF.webp,cdn.imgpile.com,imgpile,,webp
ab541923-e383-4ab3-9866-035915645bf3,CHELSEA 26/27 AWAY PALMER,image2,https://cdn.imgpile.com/f/jsQBfeK.webp,cdn.imgpile.com,imgpile,,webp
ab541923-e383-4ab3-9866-035915645bf3,CHELSEA 26/27 AWAY PALMER,image3,,,empty,,unknown
adf4d4e5-ac7e-40e0-bce8-bcbc4c2c75e4,LIVERPOOL AWAY 25/26 FIRST QUALITY SET,image1,https://cdn.imgpile.com/f/tvIJhbx.webp,cdn.imgpile.com,imgpile,,webp
adf4d4e5-ac7e-40e0-bce8-bcbc4c2c75e4,LIVERPOOL AWAY 25/26 FIRST QUALITY SET,image2,,,empty,,unknown
adf4d4e5-ac7e-40e0-bce8-bcbc4c2c75e4,LIVERPOOL AWAY 25/26 FIRST QUALITY SET,image3,,,empty,,unknown
b0424389-2ab9-4c80-8336-46fd8ffd7d29,NORWAY HOME PLAYER VERSION,image1,https://cdn.imgpile.com/f/Jgi5UJ6.webp,cdn.imgpile.com,imgpile,,webp
b0424389-2ab9-4c80-8336-46fd8ffd7d29,NORWAY HOME PLAYER VERSION,image2,,,empty,,unknown
b0424389-2ab9-4c80-8336-46fd8ffd7d29,NORWAY HOME PLAYER VERSION,image3,,,empty,,unknown
b35161ce-74bc-42b6-82ba-5b927566bb35,ASTON VILLA 26/27 HOME PLAYER VERSION,image1,https://cdn.imgpile.com/f/0mAGBs9.webp,cdn.imgpile.com,imgpile,,webp
b35161ce-74bc-42b6-82ba-5b927566bb35,ASTON VILLA 26/27 HOME PLAYER VERSION,image2,,,empty,,unknown
b35161ce-74bc-42b6-82ba-5b927566bb35,ASTON VILLA 26/27 HOME PLAYER VERSION,image3,,,empty,,unknown
b48c680d-eefd-4283-9dcc-d38d94c4ba78,REAL MADRID IMPORTED FIRST'QUALITY SET,image1,https://cdn.imgpile.com/f/cfLzKkO.webp,cdn.imgpile.com,imgpile,,webp
b48c680d-eefd-4283-9dcc-d38d94c4ba78,REAL MADRID IMPORTED FIRST'QUALITY SET,image2,,,empty,,unknown
b48c680d-eefd-4283-9dcc-d38d94c4ba78,REAL MADRID IMPORTED FIRST'QUALITY SET,image3,,,empty,,unknown
b4b8fdb2-3272-4bd0-b6b5-8572c90cdb04,PSG 26/27 PRE MATCH JERSEY PLAYER VERSION,image1,https://cdn.imgpile.com/f/sD9Ddwd.webp,cdn.imgpile.com,imgpile,,webp
b4b8fdb2-3272-4bd0-b6b5-8572c90cdb04,PSG 26/27 PRE MATCH JERSEY PLAYER VERSION,image2,,,empty,,unknown
b4b8fdb2-3272-4bd0-b6b5-8572c90cdb04,PSG 26/27 PRE MATCH JERSEY PLAYER VERSION,image3,,,empty,,unknown
b4e3d6a3-a33a-483a-8322-040fdd9ac3c6,ARGENTINA RETRO FIVE SLEEVE,image1,https://cdn.imgpile.com/f/8uKJLz2.webp,cdn.imgpile.com,imgpile,,webp
b4e3d6a3-a33a-483a-8322-040fdd9ac3c6,ARGENTINA RETRO FIVE SLEEVE,image2,https://cdn.imgpile.com/f/s183V7h.webp,cdn.imgpile.com,imgpile,,webp
b4e3d6a3-a33a-483a-8322-040fdd9ac3c6,ARGENTINA RETRO FIVE SLEEVE,image3,,,empty,,unknown
bbc52602-efdd-48a4-a20c-c03d6fd2e1c2,CHELSEA AWAY 26/27 PLAYER VERSION,image1,https://cdn.imgpile.com/f/l7Nopoz.webp,cdn.imgpile.com,imgpile,,webp
bbc52602-efdd-48a4-a20c-c03d6fd2e1c2,CHELSEA AWAY 26/27 PLAYER VERSION,image2,,,empty,,unknown
bbc52602-efdd-48a4-a20c-c03d6fd2e1c2,CHELSEA AWAY 26/27 PLAYER VERSION,image3,,,empty,,unknown
bcb7424b-2747-44a3-aa24-8222c1ce1c39,BRAZIL 2026 WORLDCUP AWAY NEYMAR EMBRODARY,image1,https://cdn.imgpile.com/f/2jEULnD.webp,cdn.imgpile.com,imgpile,,webp
bcb7424b-2747-44a3-aa24-8222c1ce1c39,BRAZIL 2026 WORLDCUP AWAY NEYMAR EMBRODARY,image2,https://cdn.imgpile.com/f/gcskv6f.webp,cdn.imgpile.com,imgpile,,webp
bcb7424b-2747-44a3-aa24-8222c1ce1c39,BRAZIL 2026 WORLDCUP AWAY NEYMAR EMBRODARY,image3,https://cdn.imgpile.com/f/CtKnYlD.webp,cdn.imgpile.com,imgpile,,webp
be4330e5-1490-41f5-a154-04cfb5bed8e4,REAL MADRID 26/27 THIRD KIT PINK PLAYER VERSION,image1,https://cdn.imgpile.com/f/OYlGh12.webp,cdn.imgpile.com,imgpile,,webp
be4330e5-1490-41f5-a154-04cfb5bed8e4,REAL MADRID 26/27 THIRD KIT PINK PLAYER VERSION,image2,,,empty,,unknown
be4330e5-1490-41f5-a154-04cfb5bed8e4,REAL MADRID 26/27 THIRD KIT PINK PLAYER VERSION,image3,,,empty,,unknown
c2da816a-438d-42c0-8664-e700f6778184,REAL MADRID BECKHAM 2006-7 HOME EMBRODARY,image1,https://cdn.imgpile.com/f/c8p9ax7.jpg,cdn.imgpile.com,imgpile,,jpg
c2da816a-438d-42c0-8664-e700f6778184,REAL MADRID BECKHAM 2006-7 HOME EMBRODARY,image2,https://cdn.imgpile.com/f/V5E1Rna.jpg,cdn.imgpile.com,imgpile,,jpg
c2da816a-438d-42c0-8664-e700f6778184,REAL MADRID BECKHAM 2006-7 HOME EMBRODARY,image3,https://cdn.imgpile.com/f/VT6fDgV.jpg,cdn.imgpile.com,imgpile,,jpg
c418551e-22be-4015-9fac-2475f93046bd,MOROCCO HOME 2026 WORLDCUP PLAYER VERSION,image1,https://cdn.imgpile.com/f/21TjXbf.webp,cdn.imgpile.com,imgpile,,webp
c418551e-22be-4015-9fac-2475f93046bd,MOROCCO HOME 2026 WORLDCUP PLAYER VERSION,image2,,,empty,,unknown
c418551e-22be-4015-9fac-2475f93046bd,MOROCCO HOME 2026 WORLDCUP PLAYER VERSION,image3,,,empty,,unknown
c448ce48-b019-4737-9092-2bd4aed3c05a,REAL AWAY 26/27 VINI JR EMBRODARY,image1,https://cdn.imgpile.com/f/X4VIMHd.webp,cdn.imgpile.com,imgpile,,webp
c448ce48-b019-4737-9092-2bd4aed3c05a,REAL AWAY 26/27 VINI JR EMBRODARY,image2,https://cdn.imgpile.com/f/57N06LO.webp,cdn.imgpile.com,imgpile,,webp
c448ce48-b019-4737-9092-2bd4aed3c05a,REAL AWAY 26/27 VINI JR EMBRODARY,image3,https://cdn.imgpile.com/f/QuVMifx.webp,cdn.imgpile.com,imgpile,,webp
c532db6b-6801-4604-831b-3c221ca3f90f,AC MILAN 26/27 AWAY PLAYER VERSION,image1,https://cdn.imgpile.com/f/GOCbk9j.webp,cdn.imgpile.com,imgpile,,webp
c532db6b-6801-4604-831b-3c221ca3f90f,AC MILAN 26/27 AWAY PLAYER VERSION,image2,,,empty,,unknown
c532db6b-6801-4604-831b-3c221ca3f90f,AC MILAN 26/27 AWAY PLAYER VERSION,image3,,,empty,,unknown
c6555d6f-59dc-4cac-a81c-77f33a2d67d6,BAYERN MUNICH HOME 26/27 PLAYER VERSION,image1,https://cdn.imgpile.com/f/7li6NVb.webp,cdn.imgpile.com,imgpile,,webp
c6555d6f-59dc-4cac-a81c-77f33a2d67d6,BAYERN MUNICH HOME 26/27 PLAYER VERSION,image2,,,empty,,unknown
c6555d6f-59dc-4cac-a81c-77f33a2d67d6,BAYERN MUNICH HOME 26/27 PLAYER VERSION,image3,,,empty,,unknown
c78dab03-519c-42a5-9423-f171641d4dfb,REAL MADRID 26/27 FIRST QUALITY SET,image1,https://cdn.imgpile.com/f/h35Gir2.webp,cdn.imgpile.com,imgpile,,webp
c78dab03-519c-42a5-9423-f171641d4dfb,REAL MADRID 26/27 FIRST QUALITY SET,image2,,,empty,,unknown
c78dab03-519c-42a5-9423-f171641d4dfb,REAL MADRID 26/27 FIRST QUALITY SET,image3,,,empty,,unknown
c8369fd7-a66c-4bb3-8bc1-c6cbe04052f9,ALNASSR 26/27 HOME PLAYER VERSION,image1,https://cdn.imgpile.com/f/ASo14Gm.webp,cdn.imgpile.com,imgpile,,webp
c8369fd7-a66c-4bb3-8bc1-c6cbe04052f9,ALNASSR 26/27 HOME PLAYER VERSION,image2,,,empty,,unknown
c8369fd7-a66c-4bb3-8bc1-c6cbe04052f9,ALNASSR 26/27 HOME PLAYER VERSION,image3,,,empty,,unknown
c8b4c2b3-ca68-403d-a5fb-e815859da41b,CRYSTAL PALACE AWAY 26/27 PLAYER VERSION,image1,https://cdn.imgpile.com/f/mxLaHYE.webp,cdn.imgpile.com,imgpile,,webp
c8b4c2b3-ca68-403d-a5fb-e815859da41b,CRYSTAL PALACE AWAY 26/27 PLAYER VERSION,image2,,,empty,,unknown
c8b4c2b3-ca68-403d-a5fb-e815859da41b,CRYSTAL PALACE AWAY 26/27 PLAYER VERSION,image3,,,empty,,unknown
c9f7bec6-43c3-49fe-9842-c94283e91e54,LIVERPOOL 26/27 HOME PLAYER VERSION,image1,https://cdn.imgpile.com/f/gBbRxgV.webp,cdn.imgpile.com,imgpile,,webp
c9f7bec6-43c3-49fe-9842-c94283e91e54,LIVERPOOL 26/27 HOME PLAYER VERSION,image2,,,empty,,unknown
c9f7bec6-43c3-49fe-9842-c94283e91e54,LIVERPOOL 26/27 HOME PLAYER VERSION,image3,,,empty,,unknown
cacd8208-9234-49b0-b6cd-f750f4976852,REAL MADRID AWAY 26/27 PLAYER VERSION,image1,https://cdn.imgpile.com/f/3i2feZ1.webp,cdn.imgpile.com,imgpile,,webp
cacd8208-9234-49b0-b6cd-f750f4976852,REAL MADRID AWAY 26/27 PLAYER VERSION,image2,https://cdn.imgpile.com/f/nwiPxvt.webp,cdn.imgpile.com,imgpile,,webp
cacd8208-9234-49b0-b6cd-f750f4976852,REAL MADRID AWAY 26/27 PLAYER VERSION,image3,https://cdn.imgpile.com/f/cfcUfxH.webp,cdn.imgpile.com,imgpile,,webp
cffa092f-16b2-4240-af2d-e17117c1d122,MAN CITY HAALAND 26/27,image1,https://cdn.imgpile.com/f/6ciJw0e.webp,cdn.imgpile.com,imgpile,,webp
cffa092f-16b2-4240-af2d-e17117c1d122,MAN CITY HAALAND 26/27,image2,https://cdn.imgpile.com/f/Cr3qU7q.webp,cdn.imgpile.com,imgpile,,webp
cffa092f-16b2-4240-af2d-e17117c1d122,MAN CITY HAALAND 26/27,image3,,,empty,,unknown
d0a638be-9df1-401b-82bb-51fdeab80143,CHELSEA HOME PALMER POLO,image1,https://cdn.imgpile.com/f/QrTJPpS.webp,cdn.imgpile.com,imgpile,,webp
d0a638be-9df1-401b-82bb-51fdeab80143,CHELSEA HOME PALMER POLO,image2,https://cdn.imgpile.com/f/Y1TBCwl.webp,cdn.imgpile.com,imgpile,,webp
d0a638be-9df1-401b-82bb-51fdeab80143,CHELSEA HOME PALMER POLO,image3,,,empty,,unknown
d3f2344d-2e67-4e89-899c-c9bef5af7ef5,PORTUGAL BLACK PANTHER EDITION,image1,https://cdn.imgpile.com/f/wBhV59j.jpg,cdn.imgpile.com,imgpile,,jpg
d3f2344d-2e67-4e89-899c-c9bef5af7ef5,PORTUGAL BLACK PANTHER EDITION,image2,https://cdn.imgpile.com/f/kK38Yhe.jpg,cdn.imgpile.com,imgpile,,jpg
d3f2344d-2e67-4e89-899c-c9bef5af7ef5,PORTUGAL BLACK PANTHER EDITION,image3,,,empty,,unknown
d7679cc8-c34c-48c5-ad20-1a1fcb9cd6a1,LIVERPOOL 26/27 AWAY PLAYER VERSION,image1,https://cdn.imgpile.com/f/NVvr3GG.webp,cdn.imgpile.com,imgpile,,webp
d7679cc8-c34c-48c5-ad20-1a1fcb9cd6a1,LIVERPOOL 26/27 AWAY PLAYER VERSION,image2,,,empty,,unknown
d7679cc8-c34c-48c5-ad20-1a1fcb9cd6a1,LIVERPOOL 26/27 AWAY PLAYER VERSION,image3,,,empty,,unknown
d791e36e-4c30-4e44-a8e3-ecf043232bda,REAL MADRID RONALDO 2017-18 BICYCLE EDITION EMBROIDERY,image1,https://cdn.imgpile.com/f/PCNMmHt.jpg,cdn.imgpile.com,imgpile,,jpg
d791e36e-4c30-4e44-a8e3-ecf043232bda,REAL MADRID RONALDO 2017-18 BICYCLE EDITION EMBROIDERY,image2,https://cdn.imgpile.com/f/Ep791l4.jpg,cdn.imgpile.com,imgpile,,jpg
d791e36e-4c30-4e44-a8e3-ecf043232bda,REAL MADRID RONALDO 2017-18 BICYCLE EDITION EMBROIDERY,image3,https://cdn.imgpile.com/f/LHMaeMd.jpg,cdn.imgpile.com,imgpile,,jpg
d8ad42da-764c-4d2d-97d4-44ce253722c4,BARCA NEYMAR RETRO EMBRODARY V NECK,image1,https://cdn.imgpile.com/f/KAOTeZ2.webp,cdn.imgpile.com,imgpile,,webp
d8ad42da-764c-4d2d-97d4-44ce253722c4,BARCA NEYMAR RETRO EMBRODARY V NECK,image2,https://cdn.imgpile.com/f/pDwpKTR.webp,cdn.imgpile.com,imgpile,,webp
d8ad42da-764c-4d2d-97d4-44ce253722c4,BARCA NEYMAR RETRO EMBRODARY V NECK,image3,https://cdn.imgpile.com/f/k4WehKd.webp,cdn.imgpile.com,imgpile,,webp
db4f01a8-692f-405f-8049-c64d72f9f6a8,ARGENTINA 2026 WORLDCUP AWAY FIRST QUALITY SET,image1,https://cdn.imgpile.com/f/DCxnRr6.webp,cdn.imgpile.com,imgpile,,webp
db4f01a8-692f-405f-8049-c64d72f9f6a8,ARGENTINA 2026 WORLDCUP AWAY FIRST QUALITY SET,image2,,,empty,,unknown
db4f01a8-692f-405f-8049-c64d72f9f6a8,ARGENTINA 2026 WORLDCUP AWAY FIRST QUALITY SET,image3,,,empty,,unknown
db7200cf-ab4c-441e-856f-d793f3e42911,BARCA 26/27 HOME PLAYER VERSION,image1,https://cdn.imgpile.com/f/ptzh8E3.webp,cdn.imgpile.com,imgpile,,webp
db7200cf-ab4c-441e-856f-d793f3e42911,BARCA 26/27 HOME PLAYER VERSION,image2,,,empty,,unknown
db7200cf-ab4c-441e-856f-d793f3e42911,BARCA 26/27 HOME PLAYER VERSION,image3,,,empty,,unknown
de9235e3-40d4-4ff3-b320-4fda4269d55c,PORTUGAL RONALDO RETRO EMBRODARY,image1,https://cdn.imgpile.com/f/RzW7akj.webp,cdn.imgpile.com,imgpile,,webp
de9235e3-40d4-4ff3-b320-4fda4269d55c,PORTUGAL RONALDO RETRO EMBRODARY,image2,https://cdn.imgpile.com/f/ujPt0wT.webp,cdn.imgpile.com,imgpile,,webp
de9235e3-40d4-4ff3-b320-4fda4269d55c,PORTUGAL RONALDO RETRO EMBRODARY,image3,https://cdn.imgpile.com/f/x5jsTBt.webp,cdn.imgpile.com,imgpile,,webp
e14abd23-ba2d-4ae6-a5bd-b006c351326c,BARCA MESSI 2011-11 UCL RETRO EMBROIDERY,image1,https://cdn.imgpile.com/f/wkgGRbO.webp,cdn.imgpile.com,imgpile,,webp
e14abd23-ba2d-4ae6-a5bd-b006c351326c,BARCA MESSI 2011-11 UCL RETRO EMBROIDERY,image2,https://cdn.imgpile.com/f/4IE8FOJ.webp,cdn.imgpile.com,imgpile,,webp
e14abd23-ba2d-4ae6-a5bd-b006c351326c,BARCA MESSI 2011-11 UCL RETRO EMBROIDERY,image3,https://cdn.imgpile.com/f/nSMDFWS.webp,cdn.imgpile.com,imgpile,,webp
e1a0fc46-7129-4382-b1f7-eafa1b1efdb5,MAN UNITED 26/27 HOME PLAYER VERSION,image1,https://cdn.imgpile.com/f/3fKW9wN.webp,cdn.imgpile.com,imgpile,,webp
e1a0fc46-7129-4382-b1f7-eafa1b1efdb5,MAN UNITED 26/27 HOME PLAYER VERSION,image2,,,empty,,unknown
e1a0fc46-7129-4382-b1f7-eafa1b1efdb5,MAN UNITED 26/27 HOME PLAYER VERSION,image3,,,empty,,unknown
e63dfd2c-3bb5-42ea-91ed-f37d34cc9ef4,BAYERN MUNICH HOME HARRY KANE 26/27 EMBRODARY,image1,https://cdn.imgpile.com/f/sprVaw6.webp,cdn.imgpile.com,imgpile,,webp
e63dfd2c-3bb5-42ea-91ed-f37d34cc9ef4,BAYERN MUNICH HOME HARRY KANE 26/27 EMBRODARY,image2,https://cdn.imgpile.com/f/A7goCKe.webp,cdn.imgpile.com,imgpile,,webp
e63dfd2c-3bb5-42ea-91ed-f37d34cc9ef4,BAYERN MUNICH HOME HARRY KANE 26/27 EMBRODARY,image3,https://cdn.imgpile.com/f/3a3lfOw.webp,cdn.imgpile.com,imgpile,,webp
e76c3a9a-f283-408b-99bf-e3693b7dc0a3,ALNASSR RONALDO 26/27 HOME ,image1,https://cdn.imgpile.com/f/BQu9rUY.webp,cdn.imgpile.com,imgpile,,webp
e76c3a9a-f283-408b-99bf-e3693b7dc0a3,ALNASSR RONALDO 26/27 HOME ,image2,https://cdn.imgpile.com/f/kc4giWz.webp,cdn.imgpile.com,imgpile,,webp
e76c3a9a-f283-408b-99bf-e3693b7dc0a3,ALNASSR RONALDO 26/27 HOME ,image3,,,empty,,unknown
eb5a5d56-af35-4b22-ae83-1c5326ed94a7,FRANCE ZIDANE EMBRODARY,image1,https://cdn.imgpile.com/f/MiRpfMo.webp,cdn.imgpile.com,imgpile,,webp
eb5a5d56-af35-4b22-ae83-1c5326ed94a7,FRANCE ZIDANE EMBRODARY,image2,https://cdn.imgpile.com/f/asf5rAW.webp,cdn.imgpile.com,imgpile,,webp
eb5a5d56-af35-4b22-ae83-1c5326ed94a7,FRANCE ZIDANE EMBRODARY,image3,https://cdn.imgpile.com/f/gqed91D.webp,cdn.imgpile.com,imgpile,,webp
ee26e3ac-020c-4510-a832-af6a705f17a3,MAN UNITED RONALDO 2007-8 HOME EMBROIDERY,image1,https://cdn.imgpile.com/f/jnBHF3l.jpg,cdn.imgpile.com,imgpile,,jpg
ee26e3ac-020c-4510-a832-af6a705f17a3,MAN UNITED RONALDO 2007-8 HOME EMBROIDERY,image2,https://cdn.imgpile.com/f/opeGFja.jpg,cdn.imgpile.com,imgpile,,jpg
ee26e3ac-020c-4510-a832-af6a705f17a3,MAN UNITED RONALDO 2007-8 HOME EMBROIDERY,image3,https://cdn.imgpile.com/f/2iM5Y01.jpg,cdn.imgpile.com,imgpile,,jpg
ee7e7baf-5fdf-4da0-a749-65bd79e1d4c6,BARCA MESSI RETRO,image1,https://cdn.imgpile.com/f/Q0raEEP.webp,cdn.imgpile.com,imgpile,,webp
ee7e7baf-5fdf-4da0-a749-65bd79e1d4c6,BARCA MESSI RETRO,image2,https://cdn.imgpile.com/f/mIOLE43.webp,cdn.imgpile.com,imgpile,,webp
ee7e7baf-5fdf-4da0-a749-65bd79e1d4c6,BARCA MESSI RETRO,image3,,,empty,,unknown
f258fd28-f6ad-4417-b746-5f45c7650fb6,BRAZIL HOME 2026 WORLDCUP PLAYER VERSION,image1,https://cdn.imgpile.com/f/fvCTe99.webp,cdn.imgpile.com,imgpile,,webp
f258fd28-f6ad-4417-b746-5f45c7650fb6,BRAZIL HOME 2026 WORLDCUP PLAYER VERSION,image2,,,empty,,unknown
f258fd28-f6ad-4417-b746-5f45c7650fb6,BRAZIL HOME 2026 WORLDCUP PLAYER VERSION,image3,,,empty,,unknown
f29dfad3-74f1-498a-ae08-62790a81c394,REAL MADRID THIRD 26/27 PLAYER VERSION,image1,https://cdn.imgpile.com/f/LpSFm6h.webp,cdn.imgpile.com,imgpile,,webp
f29dfad3-74f1-498a-ae08-62790a81c394,REAL MADRID THIRD 26/27 PLAYER VERSION,image2,,,empty,,unknown
f29dfad3-74f1-498a-ae08-62790a81c394,REAL MADRID THIRD 26/27 PLAYER VERSION,image3,,,empty,,unknown
f2e49021-f29e-470a-92db-e575bc654ad0,FRANCE HOME 2026 WORLDCUP PLAYER VERSION,image1,https://cdn.imgpile.com/f/NZQTFU6.webp,cdn.imgpile.com,imgpile,,webp
f2e49021-f29e-470a-92db-e575bc654ad0,FRANCE HOME 2026 WORLDCUP PLAYER VERSION,image2,,,empty,,unknown
f2e49021-f29e-470a-92db-e575bc654ad0,FRANCE HOME 2026 WORLDCUP PLAYER VERSION,image3,,,empty,,unknown
f5efa4e6-6c23-45bb-8045-ca14230a5477,TOTTENHAM HOME XAVI  26/27 ,image1,https://cdn.imgpile.com/f/phtuBL8.webp,cdn.imgpile.com,imgpile,,webp
f5efa4e6-6c23-45bb-8045-ca14230a5477,TOTTENHAM HOME XAVI  26/27 ,image2,https://cdn.imgpile.com/f/aTfYdID.webp,cdn.imgpile.com,imgpile,,webp
f5efa4e6-6c23-45bb-8045-ca14230a5477,TOTTENHAM HOME XAVI  26/27 ,image3,,,empty,,unknown
f65b72e0-6519-4e49-92b2-3d1703eb5938,MEXICO HOME PLAYER VERSION,image1,https://cdn.imgpile.com/f/lgZUe3v.webp,cdn.imgpile.com,imgpile,,webp
f65b72e0-6519-4e49-92b2-3d1703eb5938,MEXICO HOME PLAYER VERSION,image2,,,empty,,unknown
f65b72e0-6519-4e49-92b2-3d1703eb5938,MEXICO HOME PLAYER VERSION,image3,,,empty,,unknown
f7004a44-b314-4704-94d8-777b44a84d22,REAL MADRID AWAY 26/27 BELLINGHAM,image1,https://cdn.imgpile.com/f/zwKRtMS.webp,cdn.imgpile.com,imgpile,,webp
f7004a44-b314-4704-94d8-777b44a84d22,REAL MADRID AWAY 26/27 BELLINGHAM,image2,https://cdn.imgpile.com/f/UalfBf0.jpg,cdn.imgpile.com,imgpile,,jpg
f7004a44-b314-4704-94d8-777b44a84d22,REAL MADRID AWAY 26/27 BELLINGHAM,image3,,,empty,,unknown
fac2013e-41ce-440d-962e-fc55358b54ed,MUSAILA GERMANY 2026 WC EMBRODARY,image1,https://cdn.imgpile.com/f/1RWxfd5.webp,cdn.imgpile.com,imgpile,,webp
fac2013e-41ce-440d-962e-fc55358b54ed,MUSAILA GERMANY 2026 WC EMBRODARY,image2,https://cdn.imgpile.com/f/W4yx6QU.webp,cdn.imgpile.com,imgpile,,webp
fac2013e-41ce-440d-962e-fc55358b54ed,MUSAILA GERMANY 2026 WC EMBRODARY,image3,https://cdn.imgpile.com/f/aLS2AjI.webp,cdn.imgpile.com,imgpile,,webp
fe9be025-ce64-4601-a938-11cb9a556918,ARSENAL 26/27 HOME FIRST QUALITY SET,image1,https://cdn.imgpile.com/f/MVu8NTC.webp,cdn.imgpile.com,imgpile,,webp
fe9be025-ce64-4601-a938-11cb9a556918,ARSENAL 26/27 HOME FIRST QUALITY SET,image2,,,empty,,unknown
fe9be025-ce64-4601-a938-11cb9a556918,ARSENAL 26/27 HOME FIRST QUALITY SET,image3,,,empty,,unknown
