id,image1,image2,image3
00b06a13-d734-4ffd-acd7-26530de80cf5,https://res.cloudinary.com/dy8vnstuw/image/upload/v1786702837/keralajersey/2026-08-13_Original.png,https://res.cloudinary.com/dy8vnstuw/image/upload/v1786702823/keralajersey/0c5a35ca-cc76-44bf-8c26-ca9c8ff1789c.jpg,https://res.cloudinary.com/dy8vnstuw/image/upload/v1786702810/keralajersey/c33a2a03-82e1-4f84-b4c8-a1c8bd575d8b.jpg
01d76073-76f6-439e-a50a-7d7495924011,https://res.cloudinary.com/dy8vnstuw/image/upload/v1786084656/keralajersey/50bb61cc-9da2-4248-9e10-5edf82e6c529.jpg,https://res.cloudinary.com/dy8vnstuw/image/upload/v1786171104/keralajersey/9356b56a-ce5f-46b8-a822-11cb572c08ab.jpg,""
02784985-554e-42fb-a807-7939cb86d9a4,https://res.cloudinary.com/dy8vnstuw/image/upload/v1785047083/keralajersey/4a0f5727-afe7-4dd0-89c3-375153b62658.jpg,"",""
0455b30a-c35f-4006-8458-53f96eba56dc,https://res.cloudinary.com/dy8vnstuw/image/upload/v1786527999/keralajersey/9c07c91d-fb09-477f-bbe8-2c294144cc23.jpg,https://res.cloudinary.com/dy8vnstuw/image/upload/v1786528010/keralajersey/34561200-5320-4cae-b21e-e6b6ca19c270.jpg,https://res.cloudinary.com/dy8vnstuw/image/upload/v1786528023/keralajersey/f6e9e3b4-0f13-47d9-a7a9-c127b135edb6.jpg
068a40b3-841f-48ca-b3c9-7928ff1973b2,https://res.cloudinary.com/dy8vnstuw/image/upload/v1785751528/keralajersey/3964371d-df1c-4aa6-8202-1de9159b764d.jpg,"",""
06ebf2e6-9d2d-460c-9ada-d6a2c6a6074d,https://res.cloudinary.com/dy8vnstuw/image/upload/v1786001752/keralajersey/fda0ffb4-166b-4277-9320-d80d370d103d.jpg,https://res.cloudinary.com/dy8vnstuw/image/upload/v1786001767/keralajersey/59f76e4e-a7a2-408d-b680-31ecfe083073.jpg,""
08fb773e-236a-4ea3-8e32-918d36b4d467,https://res.cloudinary.com/dy8vnstuw/image/upload/v1785488244/keralajersey/d1b3a7aa-b3b5-4a9a-9002-40df9995efa9.jpg,"",""
09e65de4-c0f4-40b3-ac45-202a15f962a8,https://res.cloudinary.com/dy8vnstuw/image/upload/v1788100382/keralajersey/95e2314f-b525-40ae-b59a-8144f194037e.jpg,https://res.cloudinary.com/dy8vnstuw/image/upload/v1788100394/keralajersey/dafe66f9-c22a-407d-bbce-edbfdfef7a98.jpg,""
0a79af02-6224-4e44-8e60-fc23697fa663,https://res.cloudinary.com/dy8vnstuw/image/upload/v1785083153/keralajersey/00f339b4-b1af-40e1-91c7-a24efc667a52.jpg,"",""
0ddca43b-77ce-427d-825f-9e0845fbb36f,https://res.cloudinary.com/dy8vnstuw/image/upload/v1783580076/keralajersey/2026-07-03_Original.png,"",""
0fc0d079-a467-41bd-ae1d-35fbf17c4592,https://res.cloudinary.com/dy8vnstuw/image/upload/v1786702298/keralajersey/a95d9a2e-6b86-46d2-9ec6-625907ba8dac.jpg,https://res.cloudinary.com/dy8vnstuw/image/upload/v1786702311/keralajersey/bfb173b4-5ff9-4cd8-b66e-a47c62c4f804.jpg,https://res.cloudinary.com/dy8vnstuw/image/upload/v1786702326/keralajersey/01be20e2-b577-40bd-aec9-f630280016cf.jpg
12d92dc2-63a1-4167-9251-45c108f8392f,https://res.cloudinary.com/dy8vnstuw/image/upload/v1785487830/keralajersey/867bca74-7e1e-4e3e-923b-db48d8608960.jpg,"",""
1348d76a-36c1-4f3e-9d1d-f56db48beb56,https://res.cloudinary.com/dy8vnstuw/image/upload/v1785753774/keralajersey/1247791f-ada5-4171-a78d-c0820b17ec21.jpg,"",""
14597614-e30f-4120-b406-e06cf540c769,https://res.cloudinary.com/dy8vnstuw/image/upload/v1786464395/keralajersey/85bd16e1-2ac4-44be-8908-b603a0fa42ac.jpg,https://res.cloudinary.com/dy8vnstuw/image/upload/v1786464401/keralajersey/454a5268-8925-4004-ae9f-3d96ba7b5a33.jpg,""
14a8fa1e-c390-4694-9432-3321b64234bd,https://res.cloudinary.com/dy8vnstuw/image/upload/v1786171974/keralajersey/a18f08b0-0cd4-4bc6-b8b0-99204c66343a.jpg,https://res.cloudinary.com/dy8vnstuw/image/upload/v1786171982/keralajersey/f609032d-f331-490a-a21f-e150701e1319.jpg,https://res.cloudinary.com/dy8vnstuw/image/upload/v1786171635/keralajersey/70641afe-365f-4391-9d3c-01e826bfaf2e.jpg
18771a90-10bc-4c07-8f90-c3d61ebd4621,https://res.cloudinary.com/dy8vnstuw/image/upload/v1785042444/keralajersey/886f333c-66de-4c4c-acb8-da57e79e619b.jpg,"",""
1a966b8c-ff8f-4c88-a5a2-65a852377890,https://res.cloudinary.com/dy8vnstuw/image/upload/v1785753724/keralajersey/65b81834-26b8-48b5-9880-dc38f8c8b8f8.jpg,"",""
1d8cb3b9-3b57-4601-8261-71b9124296ec,https://res.cloudinary.com/dy8vnstuw/image/upload/v1783581195/keralajersey/2026-07-03_Original.png,"",""
23425c79-3f23-4b99-a06b-36c51b6ae056,https://res.cloudinary.com/dy8vnstuw/image/upload/v1785488185/keralajersey/4fb9cef7-9dab-458e-b9ae-155e4636d532.jpg,"",""
23b27f08-3c3b-4aca-b745-0c1bfbd5e69c,https://res.cloudinary.com/dy8vnstuw/image/upload/v1785047403/keralajersey/718e4028-1668-47b0-be0a-719dd6e19fa8.jpg,"",""
23d5242a-6cfe-4c7c-963d-afb6acf5a522,https://res.cloudinary.com/dy8vnstuw/image/upload/v1787030931/keralajersey/2026-08-14_Original.png,"",""
24232e27-df6a-4697-bb3b-dc7acb067898,https://res.cloudinary.com/dy8vnstuw/image/upload/v1782105328/keralajersey/7a9a1323-a3bf-44d1-8f99-9471b4a5a2fe.jpg,"",""
27056483-f37e-4899-813d-f71839e0a128,https://res.cloudinary.com/dy8vnstuw/image/upload/v1785320136/keralajersey/ef8024bc-2fc6-408a-b23d-9bea18fb82f5.jpg,"",""
28f11e6c-b22e-4773-b41b-6cd2e8744bc8,https://res.cloudinary.com/dy8vnstuw/image/upload/v1786775494/keralajersey/3f883507-a3f9-45ff-aca1-3504a8c5f7c8.jpg,https://res.cloudinary.com/dy8vnstuw/image/upload/v1786775502/keralajersey/b213c7ee-e34d-4dfb-b76b-1418737d2966.jpg,""
29ce99f8-2169-4948-bdf9-69436d240c4a,https://res.cloudinary.com/dy8vnstuw/image/upload/v1785921841/keralajersey/37dfae5a-29c4-4ce8-a296-b2ccd4e33b6c.jpg,https://res.cloudinary.com/dy8vnstuw/image/upload/v1785921867/keralajersey/56d1e967-2c29-494d-89ba-7edbb9c4fc9c.jpg,""
2acb627b-73a3-4d4b-bb1f-d67eb319edb6,https://res.cloudinary.com/dy8vnstuw/image/upload/v1785048282/keralajersey/288670ee-8a27-40d4-bc16-2f633c53a185.jpg,"",""
2fe94a36-b53a-4c8c-90a4-5f5aa7edf5ec,https://res.cloudinary.com/dy8vnstuw/image/upload/v1785753006/keralajersey/6c3a19a2-10fe-4a93-9cff-7f3e3db9161e.jpg,"",""
3078cda9-31e7-4c3d-aeb2-9cd4316caa67,https://res.cloudinary.com/dy8vnstuw/image/upload/v1783581428/keralajersey/2026-07-03_Original.png,"",""
310c3ebd-f104-43b5-a300-13e0bc374bfc,https://res.cloudinary.com/dy8vnstuw/image/upload/v1786775297/keralajersey/e9010fa5-7278-44b2-ad2a-588bdf869b41.jpg,https://res.cloudinary.com/dy8vnstuw/image/upload/v1786775307/keralajersey/30b77713-515b-4255-be48-9c355eae7ca4.jpg,""
317eb7e9-48e2-40f8-8e84-2f4fceb0abf8,https://res.cloudinary.com/dy8vnstuw/image/upload/v1785047340/keralajersey/1ad4c429-26d9-4a76-b7da-79aa253d2508.jpg,"",""
31eb2ed4-65e9-47d7-8efd-97c9c54626b1,https://res.cloudinary.com/dy8vnstuw/image/upload/v1785046941/keralajersey/4b027373-21f6-48dd-86a2-31c4620fba60.jpg,"",""
32b0e7f2-2013-4ede-a55a-3618a51996b1,https://res.cloudinary.com/dy8vnstuw/image/upload/v1785488330/keralajersey/c14f11e2-f983-43b2-b81a-ca971b680a86.jpg,"",""
3346e574-3dd9-48fa-8d3d-f0eb6ac200a8,https://res.cloudinary.com/dy8vnstuw/image/upload/v1785753651/keralajersey/6cd8f55f-935b-43a8-a6ca-cb12874d2215.jpg,"",""
3614a7ce-a030-4a6c-a63f-168f20947fc1,https://res.cloudinary.com/dy8vnstuw/image/upload/v1785048239/keralajersey/cd4764d2-ce59-4094-be1d-19549654d4d2.jpg,"",""
362de09a-6ac2-43ab-83a8-bf8df029a95e,https://res.cloudinary.com/dy8vnstuw/image/upload/v1786170418/keralajersey/dda5043f-1152-4f01-b77b-c0c23301b767.jpg,https://res.cloudinary.com/dy8vnstuw/image/upload/v1786170428/keralajersey/69ecf6d0-fc5b-4dd0-a839-7c955e8cd0d1.jpg,""
374d0d99-bcba-4672-a377-d6f5846b1838,https://res.cloudinary.com/dy8vnstuw/image/upload/v1785922419/keralajersey/a254b61b-6498-4053-90b5-76af37b36e5e.jpg,https://res.cloudinary.com/dy8vnstuw/image/upload/v1785922439/keralajersey/24ea6823-747a-4074-a3fc-6ac5bc874459.jpg,""
37649ba1-dbc5-480a-b445-9c1868878a10,https://res.cloudinary.com/dy8vnstuw/image/upload/v1785042515/keralajersey/d5992108-4b60-4544-94db-8433274f7721.jpg,"",""
37e297b3-2374-4493-971f-edf4431b7c08,https://res.cloudinary.com/dy8vnstuw/image/upload/v1785048331/keralajersey/18e68d2f-b778-4dcb-ba3a-9d7f18926fc4.jpg,"",""
3938bbda-36b1-4ded-9963-0907dc4f0f91,https://res.cloudinary.com/dy8vnstuw/image/upload/v1786775174/keralajersey/d3e9793d-8019-4541-aa84-e3f92d332457.jpg,https://res.cloudinary.com/dy8vnstuw/image/upload/v1786775107/keralajersey/5ef09349-f366-4da5-a856-054d2858d577.jpg,https://res.cloudinary.com/dy8vnstuw/image/upload/v1786775092/keralajersey/93fce747-b22e-428d-a4b0-eb515ff482de.jpg
3974809b-92af-4653-ae5c-fcbbb728bda6,https://res.cloudinary.com/dy8vnstuw/image/upload/v1783582148/keralajersey/2026-07-03_Original.png,"",""
3bbe51c2-8fc2-41b2-9831-9c965d6cf1e0,https://res.cloudinary.com/dy8vnstuw/image/upload/v1784961047/keralajersey/828a020c-7a2a-4266-b9ee-e172fe3f41da.jpg,"",""
3be7078d-d979-4234-96c5-7ec63e7ccb03,https://res.cloudinary.com/dy8vnstuw/image/upload/v1785750998/keralajersey/69b64929-d2b8-4687-9c72-9171321886d6.jpg,"",""
3de4041f-ff4b-436d-bd8d-c77d34bee239,https://res.cloudinary.com/dy8vnstuw/image/upload/v1783601366/keralajersey/2026-07-03_Original.png,"",""
3e445b4b-2eb6-48ad-a1d2-c06a77e36de7,https://res.cloudinary.com/dy8vnstuw/image/upload/v1783581125/keralajersey/2026-07-03_Original.png,"",""
40f69578-964b-4809-ab69-9b30e37f8bb8,https://res.cloudinary.com/dy8vnstuw/image/upload/v1786083296/keralajersey/52c25ba2-fe01-4447-920a-3b0d6c8e2474.jpg,https://res.cloudinary.com/dy8vnstuw/image/upload/v1786083318/keralajersey/a67b5f83-4da5-46e1-9f06-3729e1a27fc4.jpg,""
41490021-86ef-4653-b7b3-d9df4555f65b,https://res.cloudinary.com/dy8vnstuw/image/upload/v1785335585/keralajersey/55b831f0-77ea-4078-85c9-189f0ed97104.jpg,"",""
41758aa0-0d0d-48a7-ac22-b9d6c87484f8,https://res.cloudinary.com/dy8vnstuw/image/upload/v1786465240/keralajersey/523c031c-0c11-45fe-bedf-a5c46410a909.jpg,https://res.cloudinary.com/dy8vnstuw/image/upload/v1786465251/keralajersey/6464064d-1d15-4610-84d1-55993e0dc940.jpg,""
464f2c92-df1b-4645-b007-a4223af67656,https://res.cloudinary.com/dy8vnstuw/image/upload/v1785047226/keralajersey/11fa9f9a-4b1f-464f-ac07-2d20e77902dc.jpg,"",""
46cef190-7422-475c-8714-8f2cf7326f8e,https://res.cloudinary.com/dy8vnstuw/image/upload/v1785047784/keralajersey/d9420fbc-d047-41d2-8433-5cb5cb40ceb5.jpg,"",""
48282f45-a1f5-4c06-afe0-376c16988d6c,https://res.cloudinary.com/dy8vnstuw/image/upload/v1788622475/keralajersey/4cf133d7-7aed-4762-bbfc-8e7c080aa32c.jpg,https://res.cloudinary.com/dy8vnstuw/image/upload/v1788622572/keralajersey/660084e2-c2fc-46cc-aa85-42a932912590.jpg,https://res.cloudinary.com/dy8vnstuw/image/upload/v1788622583/keralajersey/cdbf0999-3ed2-4b31-ab6d-e06fe02590ae.jpg
4ada6ddd-9607-40d5-baf4-2bbb12d79ba3,https://res.cloudinary.com/dy8vnstuw/image/upload/v1782457774/keralajersey/ece424d0-f52d-4a52-a980-0c7dd337046a.jpg,"",""
4c6c16f2-56fb-4a12-97e2-d84c02a20972,https://res.cloudinary.com/dy8vnstuw/image/upload/v1786083551/keralajersey/26cbdd44-dd42-4b19-b8ba-68aea34691ad.jpg,https://res.cloudinary.com/dy8vnstuw/image/upload/v1786083579/keralajersey/66c85741-186d-450a-b416-10abc9f0d512.jpg,https://res.cloudinary.com/dy8vnstuw/image/upload/v1786083597/keralajersey/359d41a6-7171-4fb6-8bca-388875f50b1c.jpg
4c80301f-59b5-477a-b6c9-59b25d93cbf3,https://res.cloudinary.com/dy8vnstuw/image/upload/v1785922154/keralajersey/964093a2-3cb0-43ab-83ea-b52a8bed77a7.jpg,https://res.cloudinary.com/dy8vnstuw/image/upload/v1785922175/keralajersey/5d4fb892-a3ae-4475-9226-ac4048fa333c.jpg,""
4e905d51-7644-45e2-b64f-74f3a05a87cb,https://res.cloudinary.com/dy8vnstuw/image/upload/v1785751481/keralajersey/4cd86858-fb6e-4941-885c-145d86eb1696.jpg,"",""
4eb1ee56-24a4-40bf-949c-47d0ae7330d1,https://res.cloudinary.com/dy8vnstuw/image/upload/v1786083757/keralajersey/aad435b2-5be2-4548-84b0-f7b41e245eef.jpg,https://res.cloudinary.com/dy8vnstuw/image/upload/v1786083791/keralajersey/2dedfc22-7a4b-4a7f-8ba3-26957670e713.jpg,""
4fbd195a-bccc-4414-92d2-cff93447f5b2,https://res.cloudinary.com/dy8vnstuw/image/upload/v1785336129/keralajersey/e8b0232f-5161-424a-8dd6-fe7d9c2b35e8.jpg,"",""
509ab3a0-7777-422a-990d-fc0e25f1b02e,https://res.cloudinary.com/dy8vnstuw/image/upload/v1785319716/keralajersey/9b4dcb31-605f-4f24-a557-13778cd54bac.jpg,"",""
5329751c-8a45-4005-ab18-dc1e080053e9,https://res.cloudinary.com/dy8vnstuw/image/upload/v1786775430/keralajersey/6cf67f94-8063-40d5-aac7-b061235b831d.jpg,https://res.cloudinary.com/dy8vnstuw/image/upload/v1786775440/keralajersey/c3e2ecd7-adca-4503-b190-23791b28a84f.jpg,""
54e24e42-c619-4912-8b54-b42435f2cfed,https://res.cloudinary.com/dy8vnstuw/image/upload/v1785488058/keralajersey/6c3353ed-88c4-467c-92ce-938b77aab610.jpg,"",""
5560232e-b5df-4aaa-830a-55b43656bb5b,https://res.cloudinary.com/dy8vnstuw/image/upload/v1785048076/keralajersey/fbe37d18-4590-4293-abb8-233751b6ba2d.jpg,"",""
5636989a-1f12-4741-bac7-159aee6fd1fd,https://res.cloudinary.com/dy8vnstuw/image/upload/v1785488058/keralajersey/6c3353ed-88c4-467c-92ce-938b77aab610.jpg,"",""
582aac8b-6a47-4f5d-9499-0ed5c1cb7be7,https://res.cloudinary.com/dy8vnstuw/image/upload/v1788622631/keralajersey/ee30a206-3606-492c-8b54-abe1cbc1b4d7.jpg,https://res.cloudinary.com/dy8vnstuw/image/upload/v1788622643/keralajersey/79bb4ebf-6711-4e2a-9ff2-8cc1aa28042a.jpg,https://res.cloudinary.com/dy8vnstuw/image/upload/v1788622663/keralajersey/1caa7a91-314f-4207-bcd1-7de2f4a498d3.jpg
58e8b532-5dbe-4a7a-80cc-995dc93c8b59,https://res.cloudinary.com/dy8vnstuw/image/upload/v1787031033/keralajersey/eda5b2ef-d1d1-4aae-8eb3-e10eb93009a5.jpg,"",""
59575998-aff4-4c9d-86d7-940edc934776,https://res.cloudinary.com/dy8vnstuw/image/upload/v1786171635/keralajersey/70641afe-365f-4391-9d3c-01e826bfaf2e.jpg,https://res.cloudinary.com/dy8vnstuw/image/upload/v1786171668/keralajersey/b5800af5-1cb2-4303-8613-27322abdd392.jpg,""
5a072509-a0e7-48cc-8094-17114f7cf429,https://res.cloudinary.com/dy8vnstuw/image/upload/v1786464486/keralajersey/af1cd45b-bdce-43a4-b728-1dc6549b7d1f.jpg,https://res.cloudinary.com/dy8vnstuw/image/upload/v1786464560/keralajersey/48f81ab6-4893-4971-9ced-5d7f0d253d47.jpg,""
5e41ba09-9bcb-4d97-829b-0152356ede25,https://res.cloudinary.com/dy8vnstuw/image/upload/v1786775548/keralajersey/2026-08-14_Original.png,https://res.cloudinary.com/dy8vnstuw/image/upload/v1786775557/keralajersey/2026-08-14_Original.png,""
5e9ff30c-18d0-49bc-afc2-80533e1c2114,https://res.cloudinary.com/dy8vnstuw/image/upload/v1783580169/keralajersey/2026-07-03_Original.png,"",""
60eef511-e537-414d-a3fa-90320ae0847d,https://res.cloudinary.com/dy8vnstuw/image/upload/v1788423516/keralajersey/478350e5-7ebe-47d7-bac7-4332d725c3b4.jpg,https://res.cloudinary.com/dy8vnstuw/image/upload/v1788423524/keralajersey/21b8356e-1a15-4150-be58-d53166caeea5.jpg,https://res.cloudinary.com/dy8vnstuw/image/upload/v1788423534/keralajersey/IMG_5551.jpg
61025e1b-a2e9-484b-8821-6582b544fc4d,https://res.cloudinary.com/dy8vnstuw/image/upload/v1786084569/keralajersey/d879a265-8f19-40cb-bebf-80ba12ed6fc1.jpg,https://res.cloudinary.com/dy8vnstuw/image/upload/v1786084580/keralajersey/24b55345-9cc0-43c4-adc3-0aa927753218.jpg,https://res.cloudinary.com/dy8vnstuw/image/upload/v1786084587/keralajersey/18179f74-9b87-4362-bc5b-fce107ddc560.jpg
6161f753-4287-4cbe-9531-45f493eec0a6,https://res.cloudinary.com/dy8vnstuw/image/upload/v1783602255/keralajersey/2026-07-08_Original.png,"",""
6324ec3c-3a03-4343-bd77-1c63e7029639,https://res.cloudinary.com/dy8vnstuw/image/upload/v1783617674/keralajersey/2026-07-03_Original.png,"",""
63437b4d-08a6-4e81-b772-408e196f5000,https://res.cloudinary.com/dy8vnstuw/image/upload/v1787724959/keralajersey/0b477924-c186-42e1-8739-e7db7bd7da6f.jpg,https://res.cloudinary.com/dy8vnstuw/image/upload/v1787724973/keralajersey/c3cf1d3d-b9d0-4af2-a764-0e696034bccd.jpg,""
6652c5ea-c7cc-45c7-b38b-22bea29780fb,https://res.cloudinary.com/dy8vnstuw/image/upload/v1785751639/keralajersey/098a9eda-7010-4c79-be03-b38b22ea6bc3.jpg,"",""
67321032-4028-42ff-b8c3-41daaf5b88de,https://res.cloudinary.com/dy8vnstuw/image/upload/v1782457754/keralajersey/30d7e058-73a5-4f42-968e-e03aec55d3fd.jpg,"",""
6973ba2500243bc437ed,https://i.pinimg.com/736x/52/f0/5c/52f05cdb1e824927e8c10e195bcd72ca.jpg,https://i.pinimg.com/736x/52/f0/5c/52f05cdb1e824927e8c10e195bcd72ca.jpg,https://i.pinimg.com/736x/52/f0/5c/52f05cdb1e824927e8c10e195bcd72ca.jpg
6973ba28000348d5b9d9,https://i.pinimg.com/736x/52/f0/5c/52f05cdb1e824927e8c10e195bcd72ca.jpg,https://i.pinimg.com/736x/52/f0/5c/52f05cdb1e824927e8c10e195bcd72ca.jpg,https://i.pinimg.com/736x/52/f0/5c/52f05cdb1e824927e8c10e195bcd72ca.jpg
6973ba2a0039d45760d5,https://i.pinimg.com/736x/52/f0/5c/52f05cdb1e824927e8c10e195bcd72ca.jpg,https://i.pinimg.com/736x/52/f0/5c/52f05cdb1e824927e8c10e195bcd72ca.jpg,https://i.pinimg.com/736x/52/f0/5c/52f05cdb1e824927e8c10e195bcd72ca.jpg
6973ba2c003d705c5582,https://i.pinimg.com/736x/52/f0/5c/52f05cdb1e824927e8c10e195bcd72ca.jpg,https://i.pinimg.com/736x/52/f0/5c/52f05cdb1e824927e8c10e195bcd72ca.jpg,https://i.pinimg.com/736x/52/f0/5c/52f05cdb1e824927e8c10e195bcd72ca.jpg
6973ba3100137a75a24d,https://i.pinimg.com/736x/52/f0/5c/52f05cdb1e824927e8c10e195bcd72ca.jpg,https://i.pinimg.com/736x/52/f0/5c/52f05cdb1e824927e8c10e195bcd72ca.jpg,https://i.pinimg.com/736x/52/f0/5c/52f05cdb1e824927e8c10e195bcd72ca.jpg
697638fc0033c1254abe,https://sgp.cloud.appwrite.io/v1/storage/buckets/696fb2fe002e5fe0bbbf/files/6976706c0004e7ea1cb9/view?project=696faebf00087f88b3cb,"",""
6989b0d20009f06c9fea,https://res.cloudinary.com/dy8vnstuw/image/upload/v1782105495/keralajersey/aaacbf58-c921-4753-86ac-e13ab4d8db35.jpg,"",""
6989b14a00024ee2efb0,https://res.cloudinary.com/dy8vnstuw/image/upload/v1782105673/keralajersey/a22297da-4f58-488f-b287-45422ad28ce0.jpg,"",""
698a2eb600286c9bc3c7,https://res.cloudinary.com/dy8vnstuw/image/upload/v1782105451/keralajersey/26368049-cea4-4cbb-a314-a93b7d7b2536.jpg,"",""
6992decc003290bb8ef1,https://sgp.cloud.appwrite.io/v1/storage/buckets/696fb2fe002e5fe0bbbf/files/6992de2c0002888aeb7b/view?project=696faebf00087f88b3cb,https://sgp.cloud.appwrite.io/v1/storage/buckets/696fb2fe002e5fe0bbbf/files/6992de8b000d4d1b22d7/view?project=696faebf00087f88b3cb,""
69a6a39f-665b-4dc8-b398-5bea2dbebfc0,https://res.cloudinary.com/dy8vnstuw/image/upload/v1783581789/keralajersey/2026-07-08_Original.png,"",""
69f4fd9b00201498b3f1,https://res.cloudinary.com/dy8vnstuw/image/upload/v1783622696/keralajersey/603cfef6-909b-4582-a674-838d53576f7e.jpg,"",""
69f5ca650005bd7ed272,https://sgp.cloud.appwrite.io/v1/storage/buckets/696fb2fe002e5fe0bbbf/files/69f5c93c000c4135a7a7/view?project=696faebf00087f88b3cb,"",""
69f79a4000236144feaf,https://res.cloudinary.com/dy8vnstuw/image/upload/v1783622415/keralajersey/06c6e80e-b75a-4b4a-857d-b4cd79fbfe55.jpg,"",""
69f839e1000af801284c,https://sgp.cloud.appwrite.io/v1/storage/buckets/696fb2fe002e5fe0bbbf/files/69f839a2003b7034f82c/view?project=696faebf00087f88b3cb,"",""
69f83a3900376f906265,https://sgp.cloud.appwrite.io/v1/storage/buckets/696fb2fe002e5fe0bbbf/files/69f83a340019cd5acadd/view?project=696faebf00087f88b3cb,"",""
69f83aaa00216e2603bb,https://sgp.cloud.appwrite.io/v1/storage/buckets/696fb2fe002e5fe0bbbf/files/69f83a7000197bb1547b/view?project=696faebf00087f88b3cb,"",""
69f83b8f0022f23f5700,https://0wkmdbtajqfmygt1.public.blob.vercel-storage.com/f0e444ad-276a-495c-91d9-0653b8143d7c-Kh9K12V22pQFJiV5F2llkO1vdecqM7.jpeg,"",""
69f83bd4002deb3d2e5d,https://0wkmdbtajqfmygt1.public.blob.vercel-storage.com/72573418-7fa5-495b-84ac-92f43900a530-2muLcNe2tofjZpmISZnp8Z0pPa80Tz.jpeg,"",""
6a0745ce00180618fa26,https://res.cloudinary.com/dy8vnstuw/image/upload/v1782187273/keralajersey/13ceae50-f6f0-4fbf-8efc-a672967451ad.jpg,"",""
6a074e7f000dff901980,https://res.cloudinary.com/dy8vnstuw/image/upload/v1782045273/keralajersey/dc88516f-614f-4590-95fb-72598a6ac025.jpg,"",""
6a074ecb000cbee22278,https://res.cloudinary.com/dy8vnstuw/image/upload/v1782457665/keralajersey/fa2ea2eb-8f4a-432c-a901-703b801210f4.jpg,"",""
6a092ef0000c92164430,https://res.cloudinary.com/dy8vnstuw/image/upload/v1782045245/keralajersey/9c2f1b5e-89d5-4788-a850-46366844763e.jpg,"",""
6a09df560031a37f153b,https://res.cloudinary.com/dy8vnstuw/image/upload/v1782457623/keralajersey/c51d3394-3bce-41f8-85f1-87a554208d1b.jpg,"",""
6a09dfc4001ef167ebc8,https://res.cloudinary.com/dy8vnstuw/image/upload/v1782457568/keralajersey/8452cead-569b-49a7-95db-7d7c741e1aa1.jpg,"",""
6a09e031002f6661ae71,https://res.cloudinary.com/dy8vnstuw/image/upload/v1782187203/keralajersey/3b7c6a1e-8df7-4ec6-81ab-f06dc8cb498b.jpg,"",""
6a09e07500038504e2a3,https://res.cloudinary.com/dy8vnstuw/image/upload/v1782457475/keralajersey/d407e54b-2709-490c-9396-2cb65d597bf3.jpg,"",""
6a09e388000e15961894,https://res.cloudinary.com/dy8vnstuw/image/upload/v1782044920/keralajersey/a5d6f309-9850-4594-95d9-8b5a5a743db3.jpg,"",""
6a09e3f0001353aa5d21,https://res.cloudinary.com/dy8vnstuw/image/upload/v1782457414/keralajersey/1b5c5580-c211-41b1-9f05-3edd3a8f6c74.jpg,"",""
6a09e57e0027751ee0f5,https://res.cloudinary.com/dy8vnstuw/image/upload/v1782457371/keralajersey/6c5f6492-2283-4a02-a205-db04b3913627.jpg,"",""
6a09e5db000cefc72b9f,https://res.cloudinary.com/dy8vnstuw/image/upload/v1782044814/keralajersey/d415a8d4-85ed-4543-8546-584e93d9de25.jpg,"",""
6a09e621003c7b8b465a,https://res.cloudinary.com/dy8vnstuw/image/upload/v1782121815/keralajersey/c5dd19f0-9f5a-4554-8ea2-8076d5b1bcb4.jpg,"",""
6a09e658003de65d874b,https://res.cloudinary.com/dy8vnstuw/image/upload/v1782457333/keralajersey/755d4487-d429-4a78-a472-bca16c00259d.jpg,"",""
6a09e6b100123efe9282,https://res.cloudinary.com/dy8vnstuw/image/upload/v1782457243/keralajersey/44a25e1d-5287-4b6b-8e52-fe897784ea72.jpg,"",""
6a0aba2c00066e23c5ff,https://res.cloudinary.com/dy8vnstuw/image/upload/v1782457089/keralajersey/9cc6679e-c75e-42ee-b65c-cee9af5b21e3.jpg,"",""
6a0b6348003172170043,https://res.cloudinary.com/dy8vnstuw/image/upload/v1782457199/keralajersey/528fbb3f-eb77-4ef4-bc5b-18fa303bf0fd.jpg,"",""
6a0b63780019d5fc737e,https://res.cloudinary.com/dy8vnstuw/image/upload/v1782122112/keralajersey/d789976e-bcd6-441b-9a82-312679714f82.jpg,"",""
6a0b63fe00102234a7ab,https://res.cloudinary.com/dy8vnstuw/image/upload/v1782122048/keralajersey/514410a2-52d9-4ecc-8299-cbca5a3cfe32.jpg,"",""
6b3be3d1-b78f-4841-9699-1402a335e204,https://res.cloudinary.com/dy8vnstuw/image/upload/v1785319594/keralajersey/0503d96b-9c16-41d4-9397-654e42832c67.jpg,"",""
6c43bc52-e467-4110-8deb-1355b0cdc692,https://res.cloudinary.com/dy8vnstuw/image/upload/v1786775364/keralajersey/96dad3c5-d141-432f-900f-f46ac39a625c.jpg,https://res.cloudinary.com/dy8vnstuw/image/upload/v1786775372/keralajersey/6ace3a6c-6929-4b07-bf2f-5f1713c9687a.jpg,""
714b1872-d638-4e69-977e-489370ee50d7,https://res.cloudinary.com/dy8vnstuw/image/upload/v1785922948/keralajersey/66b9e1a4-9754-42a8-82ab-490825b958b4.jpg,https://res.cloudinary.com/dy8vnstuw/image/upload/v1785922963/keralajersey/4ca6ea2d-93dc-44b0-a6db-913e45a393da.jpg,https://res.cloudinary.com/dy8vnstuw/image/upload/v1785922981/keralajersey/b94038de-deb5-4c34-a9fb-dfee4ec1a39d.jpg
7205acef-95f1-47f5-9d81-0d16f274ac5b,https://res.cloudinary.com/dy8vnstuw/image/upload/v1786125225/keralajersey/f0b8d474-ec54-4035-b7e0-0db566befaa6.jpg,https://res.cloudinary.com/dy8vnstuw/image/upload/v1786170597/keralajersey/e2ce4818-4467-42c7-a712-11dc4b647ac3.jpg,https://res.cloudinary.com/dy8vnstuw/image/upload/v1786170644/keralajersey/e8f83adc-a695-49b6-aa0a-00af8ce25586.jpg
7286d6d7-36d7-4b8c-92ab-58ccf1820be9,https://res.cloudinary.com/dy8vnstuw/image/upload/v1783602363/keralajersey/2026-07-06_Original.png,"",""
728c3266-7dbb-4d0d-aafc-c501c9f2a036,https://res.cloudinary.com/dy8vnstuw/image/upload/v1785335763/keralajersey/15262209-a1fb-4d09-9039-fadf692c37bd.jpg,"",""
75c6d117-2df1-4173-ae77-c2f5d45a117e,https://res.cloudinary.com/dy8vnstuw/image/upload/v1788799771/keralajersey/a119359e-3e2e-4197-af2e-d1fbc0d00aca.jpg,https://res.cloudinary.com/dy8vnstuw/image/upload/v1788622643/keralajersey/79bb4ebf-6711-4e2a-9ff2-8cc1aa28042a.jpg,https://res.cloudinary.com/dy8vnstuw/image/upload/v1788622663/keralajersey/1caa7a91-314f-4207-bcd1-7de2f4a498d3.jpg
77ebbb7a-7673-4ea8-87a4-fb551fd4e13b,https://res.cloudinary.com/dy8vnstuw/image/upload/v1786465140/keralajersey/b3884af6-da23-4f10-bc2a-d62ba57cb351.jpg,https://res.cloudinary.com/dy8vnstuw/image/upload/v1786465155/keralajersey/2c518d71-5fa6-421c-80a6-2a24c2a037e7.jpg,https://res.cloudinary.com/dy8vnstuw/image/upload/v1786465171/keralajersey/034a2227-bf8f-40fc-9779-e727931c2683.jpg
795040ac-d1b7-4093-95f9-0a2ef6b14f34,https://res.cloudinary.com/dy8vnstuw/image/upload/v1788423466/keralajersey/d18c33ed-2d64-4512-8299-c376587b46fe.jpg,"",""
79a72888-cc46-47c8-8c91-78c4ab231869,https://res.cloudinary.com/dy8vnstuw/image/upload/v1785047007/keralajersey/e91dbcce-60a4-43fa-a7af-cbaec74e81ea.jpg,"",""
7bcff70a-026d-4299-804f-993f7613d9c0,https://res.cloudinary.com/dy8vnstuw/image/upload/v1783601087/keralajersey/2026-07-03_Original.png,"",""
7cf0f52e-5d3d-4ba7-851a-9c4ca4fecbf2,https://res.cloudinary.com/dy8vnstuw/image/upload/v1786702135/keralajersey/cf15fcec-def8-401e-9d4e-19981dbd34c9.jpg,https://res.cloudinary.com/dy8vnstuw/image/upload/v1786702146/keralajersey/c60043f4-3074-4f26-b8ff-05414cc7ff49.jpg,https://res.cloudinary.com/dy8vnstuw/image/upload/v1786702158/keralajersey/a8f2678a-ef04-4b91-b414-f6962197ede5.jpg
7dc43302-3610-4976-a713-647fa932ab3c,https://res.cloudinary.com/dy8vnstuw/image/upload/v1783580002/keralajersey/2026-07-03_Original.png,"",""
80d719bc-df55-4233-9848-dcf968ffb6c7,https://res.cloudinary.com/dy8vnstuw/image/upload/v1785320354/keralajersey/0c3d444e-acc1-43ec-ad7b-df1c7e8ede91.jpg,"",""
83503184-7704-46b1-a97b-d4468770f56b,https://res.cloudinary.com/dy8vnstuw/image/upload/v1786775595/keralajersey/c92c141f-011f-4523-a72a-259efb061274.jpg,https://res.cloudinary.com/dy8vnstuw/image/upload/v1786775430/keralajersey/6cf67f94-8063-40d5-aac7-b061235b831d.jpg,""
8463805e-05c8-4fa4-8d43-494c22da8ad6,https://res.cloudinary.com/dy8vnstuw/image/upload/v1783601944/keralajersey/2026-07-03_Original.png,"",""
85228c09-be32-4bee-a350-835d557da53b,https://res.cloudinary.com/dy8vnstuw/image/upload/v1785751574/keralajersey/1dfc54b2-5688-4416-9a2b-411ff2c125b2.jpg,"",""
878085c3-d570-4538-b4f2-1fb583a270d2,https://res.cloudinary.com/dy8vnstuw/image/upload/v1783451739/keralajersey/2026-07-03_Original.png,"",""
88a56519-4ea3-4ba3-a8a4-973ebf42878f,https://res.cloudinary.com/dy8vnstuw/image/upload/v1785335826/keralajersey/873a8f9b-663b-41e5-9496-07c4aa99d91b.jpg,"",""
8a3147e3-10fa-4f47-80de-2119d0358162,https://res.cloudinary.com/dy8vnstuw/image/upload/v1785488145/keralajersey/c0ed702a-492f-484d-8a63-3bf2547f65c8.jpg,"",""
8c16030f-f1e6-408d-9a60-c0eff47ae805,https://res.cloudinary.com/dy8vnstuw/image/upload/v1788456054/keralajersey/858bc456-8a00-45b7-ab3e-36e9aa710fc8.jpg,https://res.cloudinary.com/dy8vnstuw/image/upload/v1788456065/keralajersey/f13b9bd0-3311-4d80-86d7-6122805468f0.jpg,https://res.cloudinary.com/dy8vnstuw/image/upload/v1788456078/keralajersey/282c7823-86cf-47a1-ae3d-47d5e8e472dd.jpg
8cbd9e06-f689-4f10-99fe-c9bc84d6a4c1,https://res.cloudinary.com/dy8vnstuw/image/upload/v1786171539/keralajersey/ba9309b8-cb0e-4e5b-a02e-8b71704bf1de.jpg,https://res.cloudinary.com/dy8vnstuw/image/upload/v1786170943/keralajersey/ed2cfb89-259d-4b93-979a-9fd4f004c411.jpg,https://res.cloudinary.com/dy8vnstuw/image/upload/v1786171560/keralajersey/223fea46-2bc3-46c6-a222-d711f7446e50.jpg
8eee165b-94d1-4752-8fc3-9c0f42f5fdcd,https://res.cloudinary.com/dy8vnstuw/image/upload/v1785048007/keralajersey/3070609b-d829-4c6f-8291-3aee10e58261.jpg,"",""
90b18200-413d-44e4-bd3d-79f28a8a7467,https://res.cloudinary.com/dy8vnstuw/image/upload/v1786002115/keralajersey/124a2983-9fd2-43a7-b3e1-56411aa7fcfd.jpg,https://res.cloudinary.com/dy8vnstuw/image/upload/v1786002127/keralajersey/38f7674f-9ae4-451b-9d9b-ebaf4794e312.jpg,https://res.cloudinary.com/dy8vnstuw/image/upload/v1786002163/keralajersey/36553a49-cfcb-47bb-9343-ffcb032cdbea.jpg
92177b68-8f24-4610-abde-d8d1f2a79df0,https://res.cloudinary.com/dy8vnstuw/image/upload/v1786001912/keralajersey/3aafb6ac-d438-4ae9-9907-35cde71513db.jpg,https://res.cloudinary.com/dy8vnstuw/image/upload/v1786001939/keralajersey/5cac411c-160d-4eea-9bbe-75a73b75b009.jpg,https://res.cloudinary.com/dy8vnstuw/image/upload/v1786001961/keralajersey/38619305-bdde-4f92-b01a-0edf3f311a86.jpg
92b3a555-8c1b-404a-bd98-140dc9a64aaf,https://res.cloudinary.com/dy8vnstuw/image/upload/v1785320599/keralajersey/91191923-c669-4b1e-9f3b-24899a231ae6.jpg,"",""
931ae5ca-3da2-4157-a5ab-b2eeac10bc44,https://res.cloudinary.com/dy8vnstuw/image/upload/v1783581052/keralajersey/2026-07-03_Original.png,"",""
93da1cb0-5d7f-4cd0-ac5f-eadc9ef251f6,https://res.cloudinary.com/dy8vnstuw/image/upload/v1786702395/keralajersey/47223fd7-0c53-4b33-9af0-2070eeaf63b3.jpg,https://res.cloudinary.com/dy8vnstuw/image/upload/v1786702406/keralajersey/7e9ef8f0-7cb1-4c7b-b98b-5dbd8c4fe153.jpg,""
94adaf90-0230-4b84-8b2f-d60a8be7d7c7,https://res.cloudinary.com/dy8vnstuw/image/upload/v1786171733/keralajersey/7b81fb4a-c432-48bc-9a0c-22ecbf099b53.jpg,https://res.cloudinary.com/dy8vnstuw/image/upload/v1786171746/keralajersey/e4218bf5-8a22-4ff8-8206-0db985ee7507.jpg,""
9540a3b5-5881-41c5-956a-52f22015b861,https://res.cloudinary.com/dy8vnstuw/image/upload/v1785335686/keralajersey/bd560751-bf7c-475b-a3c2-c985e142893c.jpg,"",""
96fdbdbe-c8ba-4ffa-a4dd-d3dfbf0f75c0,https://res.cloudinary.com/dy8vnstuw/image/upload/v1785319410/keralajersey/c4cefa6f-626a-46be-abbc-a4026475fd41.jpg,"",""
97456151-9579-45f0-a38c-99d5df38928b,https://res.cloudinary.com/dy8vnstuw/image/upload/v1783617883/keralajersey/2026-07-03_Original.png,"",""
98ee6324-11d0-441c-8875-6634583bc484,https://res.cloudinary.com/dy8vnstuw/image/upload/v1784778155/keralajersey/64ecc7b0-7c37-4c41-804a-3564f9d1ba1c.jpg,"",""
9b29725c-ce56-4089-a99f-eabaf7245372,https://res.cloudinary.com/dy8vnstuw/image/upload/v1785751693/keralajersey/94324fe4-9fb6-4fb7-acb4-83cbb2a046f6.jpg,"",""
9b703391-fbe8-47ae-9cff-96f4cd3a8ce5,https://res.cloudinary.com/dy8vnstuw/image/upload/v1788456129/keralajersey/b2017fe4-cd9c-4c9e-bc5c-96f94e48d46f.jpg,https://res.cloudinary.com/dy8vnstuw/image/upload/v1788456141/keralajersey/421578c6-2233-4688-8aa2-93eb33d104f2.jpg,https://res.cloudinary.com/dy8vnstuw/image/upload/v1788456150/keralajersey/5c3ed6c7-58ad-48ea-89b4-3a9512771e8e.jpg
9bc592ef-8fa4-456f-89d7-6b08c0948c55,https://res.cloudinary.com/dy8vnstuw/image/upload/v1786775081/keralajersey/c24aa87a-0ca1-45c5-8591-54c9dab4514a.jpg,https://res.cloudinary.com/dy8vnstuw/image/upload/v1786775107/keralajersey/5ef09349-f366-4da5-a856-054d2858d577.jpg,https://res.cloudinary.com/dy8vnstuw/image/upload/v1786775092/keralajersey/93fce747-b22e-428d-a4b0-eb515ff482de.jpg
9e2ccc46-53c8-4f48-a146-9308f9518cb3,https://res.cloudinary.com/dy8vnstuw/image/upload/v1786464954/keralajersey/010a6312-5fff-45d2-86dc-ab0eadca4eb0.jpg,https://res.cloudinary.com/dy8vnstuw/image/upload/v1786464965/keralajersey/9b5feab2-636f-4b67-ad8f-3470ec46f695.jpg,""
9e5568de-93d5-4907-9c9f-fc4cac4e80f6,https://res.cloudinary.com/dy8vnstuw/image/upload/v1785751406/keralajersey/79662256-e3d9-4fc0-9e86-7ecf930df6f1.jpg,"",""
9eb44643-9162-491e-9861-48c78935f3a3,https://res.cloudinary.com/dy8vnstuw/image/upload/v1788674245/keralajersey/7fba18d2-cc36-476b-9cdb-8e805d7aa483.jpg,https://res.cloudinary.com/dy8vnstuw/image/upload/v1788674262/keralajersey/49bf67ac-4878-46a9-b0ce-71f070e0aee6.jpg,https://res.cloudinary.com/dy8vnstuw/image/upload/v1788674359/keralajersey/3704f0c6-4805-4fc2-b368-982c4a0ae2ae.jpg
9ed45842-181e-4e46-87de-5eec123a76b6,https://res.cloudinary.com/dy8vnstuw/image/upload/v1782044884/keralajersey/ef0d1407-0dc4-48ee-bfd9-0813b84bbeff.jpg,"",""
a074af80-81e2-4b05-9676-96c8dfbe2763,https://res.cloudinary.com/dy8vnstuw/image/upload/v1785047461/keralajersey/364fe89c-4f42-443c-bc62-d8bf6d21345f.jpg,"",""
a1aba93b-e5fd-4fa6-9a7b-f81fc9fbfd07,https://res.cloudinary.com/dy8vnstuw/image/upload/v1788100462/keralajersey/943b5654-00a0-4601-980f-10e829cbe2a4.jpg,https://res.cloudinary.com/dy8vnstuw/image/upload/v1788100486/keralajersey/93102bff-1d4d-41b1-a1c5-8cfa23cbe9cb.jpg,https://res.cloudinary.com/dy8vnstuw/image/upload/v1788100497/keralajersey/c80507ca-d6cf-488f-94ef-5c9863348b7a.jpg
a2a6455d-674a-4489-b6c9-ae2bf8685185,https://res.cloudinary.com/dy8vnstuw/image/upload/v1785922744/keralajersey/911edbbb-e5c4-423f-baca-ed46d4da3d0b.jpg,https://res.cloudinary.com/dy8vnstuw/image/upload/v1785922773/keralajersey/bbbf8059-7784-48ff-bb1b-3d6d03bf8bf2.jpg,https://res.cloudinary.com/dy8vnstuw/image/upload/v1785922784/keralajersey/062a0328-4596-4ab0-b004-d6bed7eed8e8.jpg
a3fe16ae-921f-413e-a284-288ed1690009,https://res.cloudinary.com/dy8vnstuw/image/upload/v1786170952/keralajersey/5a0146fd-688b-40b7-bddc-c829f56201cf.jpg,https://res.cloudinary.com/dy8vnstuw/image/upload/v1786170943/keralajersey/ed2cfb89-259d-4b93-979a-9fd4f004c411.jpg,https://res.cloudinary.com/dy8vnstuw/image/upload/v1786170934/keralajersey/ecaac016-a200-4afe-bbe0-770590bc2d7c.jpg
a7cde722-e3c7-4efa-840b-63255375eb50,https://res.cloudinary.com/dy8vnstuw/image/upload/v1785919919/keralajersey/d51bc1df-d2f4-408a-9a6b-fc465b883b6b.jpg,https://res.cloudinary.com/dy8vnstuw/image/upload/v1785919974/keralajersey/5f87f718-e0a7-46ab-b54d-2cd070ac7e93.jpg,""
a842b8b9-5686-4fdd-a812-d66288e10266,https://res.cloudinary.com/dy8vnstuw/image/upload/v1785751328/keralajersey/fd3a0aa8-d7bd-4c3a-98a6-01d78a654794.jpg,"",""
aac7796c-8077-469e-9bc7-caac78510243,https://res.cloudinary.com/dy8vnstuw/image/upload/v1786775882/keralajersey/e19ce0b2-8eee-4a2d-ae97-337d941d6167.jpg,"",""
ab541923-e383-4ab3-9866-035915645bf3,https://res.cloudinary.com/dy8vnstuw/image/upload/v1786171466/keralajersey/2508b231-b814-4a4d-8140-2526e768ca93.jpg,https://res.cloudinary.com/dy8vnstuw/image/upload/v1786171476/keralajersey/c749aac5-dee9-4607-bfe4-f64f48a6981b.jpg,""
adf4d4e5-ac7e-40e0-bce8-bcbc4c2c75e4,https://res.cloudinary.com/dy8vnstuw/image/upload/v1784961178/keralajersey/b597cfbc-9c89-4f34-ba76-aff1b36471d1.jpg,"",""
b0424389-2ab9-4c80-8336-46fd8ffd7d29,https://res.cloudinary.com/dy8vnstuw/image/upload/v1783602408/keralajersey/2026-07-06_Original.png,"",""
b35161ce-74bc-42b6-82ba-5b927566bb35,https://res.cloudinary.com/dy8vnstuw/image/upload/v1785753284/keralajersey/c797a18c-d4b4-4198-affe-2fe71f8f0f5d.jpg,"",""
b48c680d-eefd-4283-9dcc-d38d94c4ba78,https://res.cloudinary.com/dy8vnstuw/image/upload/v1785042370/keralajersey/c0d505a1-f857-4a73-8f3c-8f6275be0562.jpg,"",""
b4b8fdb2-3272-4bd0-b6b5-8572c90cdb04,https://res.cloudinary.com/dy8vnstuw/image/upload/v1785751250/keralajersey/35c49ee0-e8ca-4440-886c-3e4a897c029c.jpg,"",""
b4e3d6a3-a33a-483a-8322-040fdd9ac3c6,https://res.cloudinary.com/dy8vnstuw/image/upload/v1785784999/keralajersey/ef4dba6b-7302-4fe2-baf9-ac59ef059e83.jpg,https://res.cloudinary.com/dy8vnstuw/image/upload/v1785785013/keralajersey/8b809553-bbb6-46e9-84fd-5d1cd2baf9ae.jpg,""
bbc52602-efdd-48a4-a20c-c03d6fd2e1c2,https://res.cloudinary.com/dy8vnstuw/image/upload/v1785335943/keralajersey/8de35560-ca14-49b8-8cd0-52d854cd252e.jpg,"",""
bcb7424b-2747-44a3-aa24-8222c1ce1c39,https://res.cloudinary.com/dy8vnstuw/image/upload/v1785924238/keralajersey/7b524f07-7df2-45f9-8e00-49e61b375626.jpg,https://res.cloudinary.com/dy8vnstuw/image/upload/v1785924259/keralajersey/5c03ce0e-e73f-4e64-b1eb-659e2da4f65f.jpg,https://res.cloudinary.com/dy8vnstuw/image/upload/v1785924274/keralajersey/7f075164-2870-4a88-bade-27a7764507d7.jpg
be4330e5-1490-41f5-a154-04cfb5bed8e4,https://res.cloudinary.com/dy8vnstuw/image/upload/v1788423406/keralajersey/422cd0ed-fabb-4a42-aeec-7534ca68509b.jpg,"",""
c2da816a-438d-42c0-8664-e700f6778184,https://res.cloudinary.com/dy8vnstuw/image/upload/v1786082795/keralajersey/80d8f519-f424-4d41-9c4a-b95a7a6adf49.jpg,https://res.cloudinary.com/dy8vnstuw/image/upload/v1786082834/keralajersey/6ac02740-0c94-4b9f-8382-4ee551cfa77e.jpg,https://res.cloudinary.com/dy8vnstuw/image/upload/v1786082911/keralajersey/b92da69a-4f99-4cb0-9137-0894e09b465b.jpg
c418551e-22be-4015-9fac-2475f93046bd,https://res.cloudinary.com/dy8vnstuw/image/upload/v1785320719/keralajersey/86400eb1-fbf4-4481-a12e-91491efb37eb.jpg,"",""
c448ce48-b019-4737-9092-2bd4aed3c05a,https://res.cloudinary.com/dy8vnstuw/image/upload/v1786702724/keralajersey/6bd390eb-3ec7-4fa0-929d-f9ec30a34b0f.jpg,https://res.cloudinary.com/dy8vnstuw/image/upload/v1786702569/keralajersey/07e89472-481b-4685-aa63-e7df12d389a4.jpg,https://res.cloudinary.com/dy8vnstuw/image/upload/v1786702585/keralajersey/1fc5df7c-69b6-4e73-9b1b-6d5d0f4f933c.jpg
c532db6b-6801-4604-831b-3c221ca3f90f,https://res.cloudinary.com/dy8vnstuw/image/upload/v1785319968/keralajersey/7ff6ff8b-2b5f-4a53-811b-966ee5095e0b.jpg,"",""
c6555d6f-59dc-4cac-a81c-77f33a2d67d6,https://res.cloudinary.com/dy8vnstuw/image/upload/v1785319835/keralajersey/f994a375-be8f-4d84-a5fb-3a14740d785b.jpg,"",""
c78dab03-519c-42a5-9423-f171641d4dfb,https://res.cloudinary.com/dy8vnstuw/image/upload/v1785048130/keralajersey/899abcca-af34-4d21-a0bf-81d954b179d4.jpg,"",""
c8369fd7-a66c-4bb3-8bc1-c6cbe04052f9,https://res.cloudinary.com/dy8vnstuw/image/upload/v1788423363/keralajersey/cf979db6-9120-42a8-8cc8-13e89d2aad2a.jpg,"",""
c8b4c2b3-ca68-403d-a5fb-e815859da41b,https://res.cloudinary.com/dy8vnstuw/image/upload/v1788423289/keralajersey/60b85aad-adac-465c-8518-108690c25f1f.jpg,"",""
c9f7bec6-43c3-49fe-9842-c94283e91e54,https://res.cloudinary.com/dy8vnstuw/image/upload/v1785319491/keralajersey/f45c1993-5ab9-4574-8967-bfd07a3f8693.jpg,"",""
cacd8208-9234-49b0-b6cd-f750f4976852,https://res.cloudinary.com/dy8vnstuw/image/upload/v1786775852/keralajersey/1f3be213-5d09-42a1-a503-dbf0dffd1b10.jpg,https://res.cloudinary.com/dy8vnstuw/image/upload/v1786702908/keralajersey/4ca1402f-1f09-447c-bf34-6e3f33e2dfb7.jpg,https://res.cloudinary.com/dy8vnstuw/image/upload/v1786702920/keralajersey/0664cdcd-a0f6-4168-9e86-20a1e832066c.jpg
cffa092f-16b2-4240-af2d-e17117c1d122,https://res.cloudinary.com/dy8vnstuw/image/upload/v1786464616/keralajersey/8b495c58-1ada-487e-b93c-a18241c0decb.jpg,https://res.cloudinary.com/dy8vnstuw/image/upload/v1786464634/keralajersey/46c822b6-5e6a-4a63-9f6f-d513682e16ae.jpg,""
d0a638be-9df1-401b-82bb-51fdeab80143,https://res.cloudinary.com/dy8vnstuw/image/upload/v1786002042/keralajersey/46f18092-3335-44fa-b502-4a27bd911b7e.jpg,https://res.cloudinary.com/dy8vnstuw/image/upload/v1786002059/keralajersey/027afd0f-2309-4854-9629-84884e732bd9.jpg,""
d3f2344d-2e67-4e89-899c-c9bef5af7ef5,https://res.cloudinary.com/dy8vnstuw/image/upload/v1786465029/keralajersey/091fef70-4e90-479c-a315-dad50484be03.jpg,https://res.cloudinary.com/dy8vnstuw/image/upload/v1786465041/keralajersey/f505b233-310c-433f-8b66-d88418ae72dd.jpg,""
d7679cc8-c34c-48c5-ad20-1a1fcb9cd6a1,https://res.cloudinary.com/dy8vnstuw/image/upload/v1785753413/keralajersey/1ac864e3-a136-43c4-acb7-b9da21ffded9.jpg,"",""
d791e36e-4c30-4e44-a8e3-ecf043232bda,https://res.cloudinary.com/dy8vnstuw/image/upload/v1788674131/keralajersey/25ab8886-3266-4e37-a54b-789277756159.jpg,https://res.cloudinary.com/dy8vnstuw/image/upload/v1788674146/keralajersey/4aa22bdc-db25-4204-96f5-445655aa6176.jpg,https://res.cloudinary.com/dy8vnstuw/image/upload/v1788674158/keralajersey/e84cb90b-f874-4b7a-97b1-a2172f0693f1.jpg
d8ad42da-764c-4d2d-97d4-44ce253722c4,https://res.cloudinary.com/dy8vnstuw/image/upload/v1786170476/keralajersey/c809515a-8b68-40cd-99d9-78275ec46cf4.jpg,https://res.cloudinary.com/dy8vnstuw/image/upload/v1786170487/keralajersey/5f8cea88-6293-46f5-a4a1-8e64ee646890.jpg,https://res.cloudinary.com/dy8vnstuw/image/upload/v1786170499/keralajersey/fabab79b-3c2c-4300-bf05-cb2792b43259.jpg
db4f01a8-692f-405f-8049-c64d72f9f6a8,https://res.cloudinary.com/dy8vnstuw/image/upload/v1785048484/keralajersey/03830f1b-84d6-4550-885a-0961ec82df6e.jpg,"",""
db7200cf-ab4c-441e-856f-d793f3e42911,https://res.cloudinary.com/dy8vnstuw/image/upload/v1785318819/keralajersey/e513bb40-fa47-4d0f-bd93-6b6d97114b3b.jpg,"",""
de9235e3-40d4-4ff3-b320-4fda4269d55c,https://res.cloudinary.com/dy8vnstuw/image/upload/v1785923666/keralajersey/a754b5d5-d8b7-4000-9e2e-be134e226a17.jpg,https://res.cloudinary.com/dy8vnstuw/image/upload/v1785923969/keralajersey/079ace11-85bc-4dcd-ae1e-e25f25695371.jpg,https://res.cloudinary.com/dy8vnstuw/image/upload/v1785923984/keralajersey/1dbcf6e1-3a83-465e-9d08-94eac699b91c.jpg
e14abd23-ba2d-4ae6-a5bd-b006c351326c,https://res.cloudinary.com/dy8vnstuw/image/upload/v1788622719/keralajersey/7fb97447-88e0-4e34-9142-a6b783f467fb.jpg,https://res.cloudinary.com/dy8vnstuw/image/upload/v1788622729/keralajersey/22eb6f78-b529-42c9-8166-e78a5c09f466.jpg,https://res.cloudinary.com/dy8vnstuw/image/upload/v1788622768/keralajersey/d6a8dead-8930-41c1-b772-9932adbb05a2.jpg
e1a0fc46-7129-4382-b1f7-eafa1b1efdb5,https://res.cloudinary.com/dy8vnstuw/image/upload/v1785318240/keralajersey/dd22cee7-838c-4628-adf9-99b8b57059c5.jpg,"",""
e63dfd2c-3bb5-42ea-91ed-f37d34cc9ef4,https://res.cloudinary.com/dy8vnstuw/image/upload/v1785923245/keralajersey/cb539fdf-3ec1-433c-ad15-a876bf05cfe1.jpg,https://res.cloudinary.com/dy8vnstuw/image/upload/v1785923266/keralajersey/d66ac4bf-c408-40f6-859b-d900249ad086.jpg,https://res.cloudinary.com/dy8vnstuw/image/upload/v1785923281/keralajersey/ac0dd954-2e7e-4f18-9f8e-cc9bbd4d28a9.jpg
e76c3a9a-f283-408b-99bf-e3693b7dc0a3,https://res.cloudinary.com/dy8vnstuw/image/upload/v1786775234/keralajersey/34d9baa5-723d-4533-9abb-0f3dc501f710.jpg,https://res.cloudinary.com/dy8vnstuw/image/upload/v1786775243/keralajersey/da6d65f7-91e6-4686-b2ee-647cbd2852ed.jpg,""
eb5a5d56-af35-4b22-ae83-1c5326ed94a7,https://res.cloudinary.com/dy8vnstuw/image/upload/v1785922582/keralajersey/889f34a7-a4ae-4f48-ad15-28d87793d4aa.jpg,https://res.cloudinary.com/dy8vnstuw/image/upload/v1785922603/keralajersey/f290379f-b06e-4699-893b-6df515e3021f.jpg,https://res.cloudinary.com/dy8vnstuw/image/upload/v1785922618/keralajersey/3a785f78-efdf-4250-ba87-3d5f892f96fb.jpg
ee26e3ac-020c-4510-a832-af6a705f17a3,https://res.cloudinary.com/dy8vnstuw/image/upload/v1788100291/keralajersey/39906243-861d-43b4-a7bf-eebcd6fb991e.jpg,https://res.cloudinary.com/dy8vnstuw/image/upload/v1788100306/keralajersey/39e4a2b9-0df7-49c2-9a54-b1ac1e82246e.jpg,https://res.cloudinary.com/dy8vnstuw/image/upload/v1788100317/keralajersey/748700be-2c48-4993-acdd-b61f7650ce81.jpg
ee7e7baf-5fdf-4da0-a749-65bd79e1d4c6,https://res.cloudinary.com/dy8vnstuw/image/upload/v1785921343/keralajersey/016c68f3-0c6e-4969-a95a-ce86539f45c9.jpg,https://res.cloudinary.com/dy8vnstuw/image/upload/v1785921359/keralajersey/a26fb77f-c3ce-442f-a225-cb1c103a52fc.jpg,""
f258fd28-f6ad-4417-b746-5f45c7650fb6,https://res.cloudinary.com/dy8vnstuw/image/upload/v1782044847/keralajersey/6edf808d-2c04-497a-904e-725ae9dfb8ea.jpg,"",""
f29dfad3-74f1-498a-ae08-62790a81c394,https://res.cloudinary.com/dy8vnstuw/image/upload/v1785319011/keralajersey/5bcf1fa2-73b7-4049-8f91-9ace70182e06.jpg,"",""
f2e49021-f29e-470a-92db-e575bc654ad0,https://res.cloudinary.com/dy8vnstuw/image/upload/v1782037086/keralajersey/2e3c771a-43a5-4d0e-827d-ecb43534aae7.jpg,"",""
f5efa4e6-6c23-45bb-8045-ca14230a5477,https://res.cloudinary.com/dy8vnstuw/image/upload/v1786125117/keralajersey/b58b47f6-b0d5-4f08-9d52-942f1857599e.jpg,https://res.cloudinary.com/dy8vnstuw/image/upload/v1786125105/keralajersey/f582ba6f-1b47-4c65-8701-2a9706003a57.jpg,""
f65b72e0-6519-4e49-92b2-3d1703eb5938,https://res.cloudinary.com/dy8vnstuw/image/upload/v1785319888/keralajersey/07cd15bd-bc06-4e9a-9b52-a3a99554aefc.jpg,"",""
f7004a44-b314-4704-94d8-777b44a84d22,https://res.cloudinary.com/dy8vnstuw/image/upload/v1786170614/keralajersey/31830575-c33c-4a6a-aa35-d65a6b745396.jpg,https://res.cloudinary.com/dy8vnstuw/image/upload/v1786171203/keralajersey/fc7ab5fa-df8b-48ef-81eb-fa33a5b81b61.jpg,""
fac2013e-41ce-440d-962e-fc55358b54ed,https://res.cloudinary.com/dy8vnstuw/image/upload/v1785999667/keralajersey/2ee334f8-218c-4cc2-acf7-a23050b1d876.jpg,https://res.cloudinary.com/dy8vnstuw/image/upload/v1785999873/keralajersey/1c7a3109-e7b3-4299-9ddf-58367e64e83f.jpg,https://res.cloudinary.com/dy8vnstuw/image/upload/v1785999714/keralajersey/b8f14965-d607-4b48-87fd-fdab2798e097.jpg
fe9be025-ce64-4601-a938-11cb9a556918,https://res.cloudinary.com/dy8vnstuw/image/upload/v1785047556/keralajersey/cc90b52a-571d-429f-9689-eec5307006d9.jpg,"",""
